run_id,cycle_id,cycle_start_time,cycle_end_time,cycle_time_sec,avg_vfd1_temp,avg_vfd2_temp,avg_vfd3_temp,avg_vfd4_temp,avg_r01_load,min_r01_load,max_r01_load,avg_r02_load,min_r02_load,max_r02_load,avg_r03_load,min_r03_load,max_r03_load,avg_r04_load,min_r04_load,max_r04_load,stopper1_active_count,stopper2_active_count,stopper3_active_count,stopper4_active_count,stopper5_active_count,defect_label,defect_flag
1,1,"2023-12-11 13:04:12.348","2023-12-11 13:09:07.045",294,71.23342426932766,-1.3703844640434603e34,-9.21649053737538e33,2.7001356852714587e26,492.25440976933515,16,684,1316.415196743555,1243,1369,1907.7951153324288,1285,9842,3449.9155359565807,1366,13917,169,645,15,15,56,NULL,0
1,2,"2023-12-11 13:09:07.143","2023-12-11 13:14:02.039",294,75.76404669366445,3.1023697661318236e34,1.5984918243964033e31,-2.1525547716619996e27,495.9505084745763,134,754,1315.6410169491526,1257,1364,1893.3403389830507,1311,9724,3497.5538983050847,1401,13868,168,644,15,16,56,NULL,0
1,3,"2023-12-11 13:14:02.154","2023-12-11 13:18:57.142",294,78.82362586454052,-6.456377283087321e29,5.120402568792647e34,-8.300745726579011e28,493.3647457627119,104,720,1315.4050847457627,1225,1367,1893.504406779661,1309,10270,3580.584745762712,1333,13707,169,644,15,15,55,NULL,0
2,1,"2023-12-11 13:49:56.648","2023-12-11 13:54:50.838",294,73.86343976148474,-1.111724288481937e29,-1.2640145837580667e34,-5.704414879252463e32,492.9038396194359,122,663,1314.8301053346925,1234,1368,1864.1124702684335,1317,9652,3563.2915392456675,1511,14086,169,644,15,15,51,NULL,0
2,2,"2023-12-11 13:54:50.976","2023-12-11 13:59:46.161",295,78.01671760280155,-6.30371996926466e33,9.776341318783825e34,9.113340196252366e32,467.20569298542864,16,657,1312.0491358861402,1231,1364,1904.6618095560827,1298,9997,2733.8447983734327,333,13711,168,644,15,15,55,NULL,0
2,3,"2023-12-11 13:59:46.250","2023-12-11 14:04:46.847",300,80.83595917374404,-2.658901744367441e33,-2.809025377350636e30,1.950083194683913e32,503.18901830282863,179,714,1316.0133111480866,1248,1381,1895.1517470881863,1321,9866,547.4851913477537,253,812,169,645,15,15,108,NULL,0
2,4,"2023-12-11 14:04:46.959","2023-12-11 14:09:45.157",298,82.75157723127779,-3.5543436476933846e34,3.739121987235241e34,1.979721303950762e32,502.493127723768,196,642,1315.2889708347302,1250,1365,1900.4223935635266,1313,9487,553.2034864230641,294,823,173,643,15,15,56,NULL,0
2,5,"2023-12-11 14:09:45.248","2023-12-11 14:14:40.757",295,84.10702576136372,-1.1661706409341203e33,-1.099459068051405e30,1.9755013115851408e32,492.66102841677946,192,656,1315.163058186739,1252,1363,1902.8024357239512,1295,10532,555.7784167794316,304,822,168,644,15,15,55,NULL,0
2,6,"2023-12-11 14:14:40.851","2023-12-11 14:19:43.355",302,85.17422222278088,-3.536096215069386e34,2.187885993400581e32,1.3119839481033604e32,497.4438202247191,247,662,1314.5634500991407,1257,1367,1874.9983476536681,1305,9363,556.7115003304692,293,848,169,644,15,15,55,NULL,0
3,0,"2023-12-11 14:27:07.147","2023-12-11 14:27:20.260",13,83.01926462106046,1816.6732530144516,82.63087503825753,4.818181818181818e28,492.68939393939394,292,601,1318.9621212121212,1283,1353,1373.5,1348,1403,538.219696969697,433,732,0,0,0,0,0,NULL,0
3,1,"2023-12-11 14:27:20.356","2023-12-11 14:32:39.360",319,83.60380610191015,-1.9084905528511896e28,-2.568970173845503e33,6.686991616937791e33,496.26888122845503,109,662,1315.0582889376371,1243,1379,1873.0987151363208,1323,10127,567.5126919460984,287,830,168,644,15,15,56,NULL,0
3,2,"2023-12-11 14:32:39.463","2023-12-11 14:37:34.662",295,85.35569869852203,-6.750526560075068e34,1.4430846138076834e34,-1.247130828253081e35,492.824864498645,202,725,1314.7967479674796,1235,1373,1904.6521002710026,1307,9719,570.9525745257453,304,851,168,644,15,15,56,NULL,0
3,3,"2023-12-11 14:37:34.663","2023-12-11 14:42:29.563",294,86.33229915857218,-5.051958189722105e34,-8.658324851742965e34,-7.903728476248038e32,488.2441505595117,42,667,1313.3848762292303,1252,1364,1888.9298067141403,1302,9309,571.1312309257376,265,851,168,644,15,15,55,NULL,0
3,4,"2023-12-11 14:42:29.775","2023-12-11 14:47:34.552",304,86.83857589580673,5.757361245486949e33,-1.3431475405932521e35,-4.776877772103358e29,490.7754098360656,166,813,1313.0937704918033,1256,1355,1889.495081967213,1309,10429,569.2918032786886,273,845,239,644,14,16,55,NULL,0
3,5,"2023-12-11 14:47:34.776","2023-12-11 14:52:37.056",302,87.31531193391707,-3.5370535239669053e34,8.59508800292089e30,-6.58571900890478e32,491.25388429752064,196,716,1313.3014876033058,1239,1387,1889.027438016529,1310,9930,570.294214876033,281,831,168,685,15,15,55,NULL,0
3,6,"2023-12-11 14:52:37.163","2023-12-11 14:57:32.144",294,87.82398812159217,-1.5530117153930515e29,-7.219888523360663e34,-2.8925830507995285e34,491.4725423728814,233,658,1314.6006779661018,1266,1373,1886.1183050847458,1309,9221,571.762033898305,169,894,169,644,15,15,55,NULL,0
3,7,"2023-12-11 14:57:32.259","2023-12-11 15:02:27.442",295,88.20288444745455,3.941754149012586e33,1.2631223557959354e34,-1.127637822548392e33,484.60853369454793,183,626,1313.3924822214697,1254,1382,1877.8411784625805,1217,9151,575.7653233999323,290,896,169,645,14,15,56,NULL,0
3,8,"2023-12-11 15:02:27.544","2023-12-11 15:07:22.859",295,88.4892348671343,5.416384580068551e33,4.5091401453334526e33,-4.090757515483796e32,484.6350710900474,197,633,1313.536222071767,1234,1364,1854.1184834123223,1309,9239,581.190250507786,302,866,169,644,15,15,56,NULL,0
3,9,"2023-12-11 15:07:22.934","2023-12-11 15:12:18.144",295,88.74411987715914,-1.8026469898207695e34,1.6908488647916615e32,-5.6185369304303634e32,479.65774313791934,174,734,1312.6360555743815,1232,1363,1891.4971196204676,1317,9717,579.099966113182,332,807,169,644,15,14,56,NULL,0
3,10,"2023-12-11 15:12:18.244","2023-12-11 15:17:13.244",295,88.91697553743407,-8.995586440540448e32,-1.3767536429913158e33,7.082344669260754e31,480.1558793629278,201,689,1312.3578447983734,1239,1374,1883.826838359878,1309,9155,576.739071501186,332,824,168,644,15,15,55,NULL,0
3,11,"2023-12-11 15:17:13.346","2023-12-11 15:22:08.244",294,89.06921701530285,-2.16192895148277e34,-2.1597467484225293e31,-2.216575313664664e34,480.99864360800274,205,638,1312.4920311970159,1237,1364,1886.334011529332,1311,9767,578.5045778229909,304,834,169,644,15,15,56,NULL,0
3,12,"2023-12-11 15:22:08.340","2023-12-11 15:27:03.878",295,89.20991201703232,3.66901016954195e33,-1.3466465805615697e33,9.04268108574619e33,481.8562246278755,165,629,1314.0541271989175,1263,1377,1900.257104194858,1313,9962,579.8971583220568,317,878,169,643,15,16,55,NULL,0
3,13,"2023-12-11 15:27:03.940","2023-12-11 15:31:59.141",295,89.32453297309084,3.138498081516182e33,-2.1409668133986115e33,-6.745632267123243e32,477.6583135794108,184,611,1313.0067727734506,1245,1367,1919.577040298002,1314,10049,580.6020995597697,313,842,168,642,15,15,56,NULL,0
3,14,"2023-12-11 15:31:59.250","2023-12-11 15:36:54.336",295,89.41791089842033,4.828061978150409e33,-5.826449483695127e34,-1.271583531665718e31,468.4359756097561,187,703,1312.5257452574526,1231,1384,1864.580623306233,1316,9482,573.314024390244,302,827,168,644,15,15,56,NULL,0
3,15,"2023-12-11 15:36:54.456","2023-12-11 15:41:55.143",300,89.3668082954594,-9.294978126223573e30,1.757048891204729e32,-2.8334282761774526e34,470.8254073827735,71,695,1311.7219820419023,1254,1385,1808.5620219487862,1311,9763,566.8337213169272,215,851,203,647,15,16,55,NoNose,1
4,1,"2023-12-11 16:50:34.948","2023-12-11 16:55:30.049",295,75.82868736383996,-8.757480115189256e33,4.336081884383469e34,-1.978317628858401e32,446.4583333333333,123,603,1311.7269647696478,1207,1377,1819.39972899729,1300,9837,602.6314363143631,319,864,168,647,14,15,56,NoNose,1
4,2,"2023-12-11 16:55:30.161","2023-12-11 17:00:24.860",294,79.36440861811242,-8.684029850762355e34,2.8900950065492445e34,5.664650949803168e32,449.3354816824966,187,633,1311.4572591587516,1255,1359,1812.9246947082768,1298,9385,604.5284938941655,331,918,169,647,15,15,56,NoNose,1
4,3,"2023-12-11 17:00:24.942","2023-12-11 17:05:19.539",294,81.63585457289668,7.719714964210109e30,-2.3586697835956227e33,3.254021011401425e34,442.6128266033254,75,663,1310.578554462165,1239,1365,1828.9793009840516,1305,10078,605.6861214794707,313,874,169,647,15,15,55,NoNose,1
4,4,"2023-12-11 17:05:19.637","2023-12-11 17:10:14.156",294,83.28265086723988,-1.1722740652696314e33,3.93754243067642e32,-5.057705363163849e34,442.26578411405296,111,643,1309.8530210454853,1252,1365,1807.4059742023082,1297,9158,606.5604209097081,356,867,169,647,15,15,56,NoNose,1
4,5,"2023-12-11 17:10:14.240","2023-12-11 17:15:11.954",297,84.52586682533104,3.5764193847546848e22,1.4308394469444102e34,-1.7864323539288115e33,439.68401611820013,-74,822,1309.6927468099395,1228,1365,1832.4116856950973,1287,9977,608.4257891202149,339,851,168,647,15,15,55,NoNose,1
4,6,"2023-12-11 17:15:12.049","2023-12-11 17:20:06.559",294,85.43440070932368,9.643549401900881e28,1.4707399864222682e34,1.9789550870502276e32,420.11065852002713,143,605,1306.5332654446706,1230,1390,1823.6401900882552,1318,9941,615.347589952478,362,928,169,647,15,15,56,NoNose,1
4,7,"2023-12-11 17:20:06.651","2023-12-11 17:25:01.258",294,86.20588573024429,-1.2147812681376893e30,-4.231770675471609e31,-3.868341601942733e29,427.7879199185613,-149,623,1307.487614523244,1226,1359,1813.0461486257211,1284,9995,614.480827960638,323,887,169,647,15,15,55,NoNose,1
4,8,"2023-12-11 17:25:01.343","2023-12-11 17:29:56.508",295,86.82430743359205,-6.777348560384672e32,-1.0098272805828531e35,-5.663608023690531e32,432.95188071840056,56,623,1309.7570315147407,1248,1360,1848.2084039308709,1319,10562,615.2961707895629,333,900,168,647,15,15,56,NoNose,1
4,9,"2023-12-11 17:29:56.509","2023-12-11 17:34:51.055",294,87.31547447079474,-5.632846963012172e32,2.1606143026806924e34,-4.396165588008143e29,430.9915167967425,41,817,1309.7587376993554,1250,1359,1833.6165592127588,1295,9997,611.3579911774686,329,865,169,648,15,16,56,NoNose,1
4,10,"2023-12-11 17:34:51.137","2023-12-11 17:39:45.551",294,87.72796267535507,-1.446519522541876e34,-8.805568588125977e34,-4.028179218128096e34,426.4013582342954,85,578,1309.4193548387098,1248,1357,1840.8774193548388,1319,9974,610.9307300509338,364,888,169,648,15,15,56,NoNose,1
4,11,"2023-12-11 17:39:45.639","2023-12-11 17:46:04.849",379,87.8634755914331,-1.0975252169518056e31,9.836488308818254e33,-1.322532660185301e34,477.082805907173,113,742,1315.0163502109704,1241,1373,1719.8022151898733,1315,9824,556.8127637130801,221,891,168,647,15,15,56,NoNose,1
5,0,"2023-12-11 17:50:18.248","2023-12-11 17:50:24.855",6,81.63009644000002,78.139888932985,77.9750648525807,81.59933608298499,455.5970149253731,387,581,1311.1641791044776,1277,1350,1370.2537313432836,1345,1393,522.1492537313433,392,713,0,0,0,0,0,NoNose,1
5,1,"2023-12-11 17:50:24.951","2023-12-11 17:57:50.958",446,83.21970417877432,1.0628669952920244e34,-1.1961907914229575e33,-7.42688269328939e32,524.0955371159453,154,771,1319.4411302982733,1233,1377,1672.9793675712042,1327,9879,502.46243552366,197,850,169,645,15,15,56,NoNose,1
5,2,"2023-12-11 17:57:50.960","2023-12-11 18:02:56.350",305,83.035144121515,1.3972743564879488e27,1.2742683997708653e31,-1.5408510637975779e26,450.6523731587561,107,625,1309.488379705401,1243,1360,1796.0242225859247,1296,9690,591.8052373158756,338,887,168,647,15,15,55,NoNose,1
5,3,"2023-12-11 18:02:56.619","2023-12-11 18:08:05.958",309,85.06015861799858,-6.264285150248835e34,1.1726463237357841e31,-6.882132669636775e34,437.23521809369953,49,682,1307.5486268174475,1243,1376,1802.2445880452342,1304,9947,608.6898222940226,336,973,169,648,15,15,56,NoNose,1
5,4,"2023-12-11 18:08:05.960","2023-12-11 18:13:00.740",294,85.93548882268603,-2.888884141434389e34,2.7093019510880544e34,-1.594449066999717e33,438.8257036283486,93,655,1308.690403526619,1239,1370,1808.5113597829773,1308,9477,611.6052899287894,338,997,169,648,15,16,56,NoNose,1
5,5,"2023-12-11 18:13:01.023","2023-12-11 18:18:01.042",300,87.017312860273,-8.141852584580775e34,-7.231471024001832e34,-1.5487480509514783e33,438.0755910755911,128,650,1310.2017982017983,1224,1378,1837.5361305361305,1317,9769,614.3856143856144,355,917,168,704,15,15,56,NoNose,1
5,6,"2023-12-11 18:18:01.154","2023-12-11 18:22:55.647",294,87.71077228598085,2.0313688011535336e34,-5.057705409004385e34,-9.029263238312933e32,442.11575016972165,140,645,1311.0376782077394,1243,1365,1832.7773251866938,1325,9873,609.3584521384929,337,881,169,647,15,16,56,NoNose,1
5,7,"2023-12-11 18:22:55.741","2023-12-11 18:27:50.344",294,88.11240319832905,-3.176713956568978e31,-5.214117125488293e34,-9.007319139025789e32,434.27553444180523,111,657,1310.7366813708857,1218,1362,1838.2986087546658,1313,9880,604.8971835765185,332,860,169,645,15,15,55,NoNose,1
5,8,"2023-12-11 18:27:50.438","2023-12-11 18:32:45.853",295,88.42688613721756,3.2970096654619374e33,8.413130003248562e28,1.0057894981882844e25,436.9508973924822,141,592,1310.2421266508636,1254,1354,1833.8107009820521,1312,9905,605.3051134439553,315,890,169,647,15,15,55,NoNose,1
5,9,"2023-12-11 18:32:45.857","2023-12-11 18:37:40.949",295,88.68066823213178,-1.0737557758211987e31,1.965219776480544e32,5.559479190551982e33,443.6779546224179,67,638,1310.1872671859126,1242,1370,1840.5130375888928,1311,9777,602.9319336268202,333,912,168,646,14,15,55,NoNose,1
5,10,"2023-12-11 18:37:41.042","2023-12-11 18:43:37.933",356,89.10728075123446,4.4831398199382344e33,-1.487586318274022e33,-1.454659841580325e31,443.40739702998036,130,629,1312.0546371532641,1249,1383,1735.924068366489,1293,9783,605.2673017652004,302,901,168,648,15,15,149,NoNose,1
5,11,"2023-12-11 18:43:37.937","2023-12-11 18:48:32.645",294,88.38994441976853,-3.194205860244013e31,-1.1270594740502337e33,3.083341702864654e30,443.85990502035276,162,664,1310.990502035278,1266,1362,1832.5193351424696,1321,9583,601.5240841248304,-1068,1078,169,647,15,15,55,NoNose,1
5,12,"2023-12-11 18:48:32.748","2023-12-11 18:53:27.937",295,88.81701352403114,-2.166943091743071e29,-5.756857481855738e34,-3.2730175522946153e34,439.20318320352186,56,620,1310.6071791398579,1250,1368,1839.4910260751778,1323,9991,598.0921097189299,-1320,1183,168,647,15,15,56,NoNose,1
5,13,"2023-12-11 18:53:28.050","2023-12-11 18:58:22.651",294,89.04597298103721,-1.8968393759756435e34,4.474613505119888e28,3.9039638585976343e28,446.54767560230744,122,662,1310.357312521208,1229,1382,1840.862911435358,1325,9917,588.4166949440108,-1299,1257,168,645,15,15,56,NoNose,1
5,14,"2023-12-11 18:58:22.750","2023-12-11 19:03:17.248",294,89.21861355106194,-1.8199592666184634e33,2.2606223447657842e32,-6.041879328948539e27,444.07501697216566,72,638,1309.6866938221317,1255,1362,1824.1765105227428,1300,9993,591.3662593346911,-878,1241,168,645,15,15,56,NoNose,1
5,15,"2023-12-11 19:03:17.354","2023-12-11 19:08:12.071",294,89.3387317588723,9.895766889341481e31,1.4119736035302104e32,-2.208757637474542e34,446.4826883910387,73,629,1310.0349626612356,1231,1374,1831.5468431771894,1304,9956,587.8591310251188,-1348,1295,168,647,15,15,55,NoNose,1
6,1,"2023-12-11 19:15:22.112","2023-12-11 19:20:17.247",295,83.3151786335315,-1.0076728748081166e35,2.2553447346711816e32,7.204097573345841e33,451.1134439552997,71,688,1313.9607179139857,1231,1474,1808.143921435828,1326,9706,576.6132746359634,-1310,1293,173,649,15,15,56,NoNose,1
6,2,"2023-12-11 19:20:17.335","2023-12-11 19:25:12.119",294,85.43183986557219,1.687051641299832e32,1.080295214380521e34,-1.4116049485294537e31,448.06990159484224,138,627,1312.1129962673906,1235,1379,1805.5985748218527,1286,9450,584.6905327451645,-1255,1599,169,647,15,15,55,NoNose,1
6,3,"2023-12-11 19:25:12.120","2023-12-11 19:30:06.972",294,86.60774710625623,1.2647593018535555e34,9.025306440677964e33,4.740035322297616e33,439.9257627118644,121,619,1311.3983050847457,1246,1364,1797.4840677966101,1305,9014,589.5027118644068,-1322,1362,169,650,15,15,56,NoNose,1
6,4,"2023-12-11 19:30:07.176","2023-12-11 19:35:07.960",300,87.40430753395938,4.503204386807282e33,3.350513459621137e32,-2.8265420725911604e34,438.0754403456298,142,747,1309.7720172814888,1239,1362,1795.1213027583915,1312,9462,593.8777002326354,-1207,1311,168,647,15,15,56,NoNose,1
6,5,"2023-12-11 19:35:08.153","2023-12-11 19:40:17.143",308,87.5553400348342,6.377711772315751e33,1.882192785899087e32,-3.6648737048835704e34,445.0637128072445,133,628,1310.9641009055626,1259,1356,1768.0717981888745,1308,9032,588.20957309185,-1407,1399,169,647,15,15,55,NoNose,1
6,6,"2023-12-11 19:40:17.250","2023-12-11 19:45:11.843",294,88.12500135366689,-3.308438505259688e29,1.5764134057359823e34,-5.653580756905328e32,441.3729216152019,-38,621,1312.03393281303,1251,1362,1816.7757041058703,1321,9895,593.5670173057347,-1240,1385,169,647,15,16,55,NoNose,1
6,7,"2023-12-11 19:45:11.952","2023-12-11 19:50:06.440",294,88.49435075413045,-2.1644540122184795e34,1.4467077071309292e32,1.3283033088526815e30,438.14867617107944,-27,610,1311.267141887305,1228,1382,1813.2657841140528,1317,9692,589.9066530889341,-1258,1373,169,647,15,15,55,NoNose,1
6,8,"2023-12-11 19:50:06.546","2023-12-11 19:55:01.339",294,88.78076536617434,-1.8017632021024073e34,2.692438114786415e25,-8.816630445565238e30,438.23499491353,114,636,1310.8328246863343,1249,1384,1823.290946083418,1316,9770,594.1017293997966,-1194,1310,168,647,15,15,55,NoNose,1
6,9,"2023-12-11 19:55:01.455","2023-12-11 19:59:56.451",294,88.98295648801003,-2.8870432873681088e34,-4.337154761054768e34,3.231623715913535e33,436.617078956286,165,581,1310.160962385632,1243,1362,1813.5299898339547,1311,9857,589.0040664181633,-1328,1329,169,646,15,15,55,NoNose,1
6,10,"2023-12-11 19:59:56.545","2023-12-11 20:04:56.242",299,89.30153581366514,-2.712350633759273e29,-1.1107481187325858e33,-8.857372508635068e32,432.1464309539693,39,602,1309.4773182121414,1209,1362,1798.6454302868578,1303,9175,597.4392928619079,-1186,1354,169,697,14,15,55,NoNose|NoBody2,1
6,11,"2023-12-11 20:04:56.341","2023-12-11 20:10:09.246",312,89.67791624600557,5.204636415979243e33,2.986567690533952e30,-2.4392072335457073e34,440.41182108626197,21,608,1310.5217252396167,1260,1394,1633.6549520766773,1321,8886,595.9421725239616,-1348,1361,196,754,15,15,56,NoNose|NoBody2,1
6,12,"2023-12-11 20:10:09.354","2023-12-11 20:15:03.557",294,89.90397243048906,-1.475184635282111e24,5.526977970904145e28,-8.080547298201223e32,437.94221617946977,83,588,1311.196464989803,1251,1359,1653.2277362338546,1321,8906,601.7535690006798,-1321,1342,169,645,15,15,55,NoNose|NoBody2,1
6,13,"2023-12-11 20:15:03.644","2023-12-11 20:20:24.434",320,90.220111548493,-1.1351470777250627e31,-3.439254987811676e34,-3.683454853796431e32,432.17861596009976,133,599,1310.0561097256857,1242,1368,1626.738778054863,1308,8763,602.9120947630922,-1329,1295,168,775,15,16,56,NoNose|NoBody2,1
6,14,"2023-12-11 20:20:24.542","2023-12-11 20:25:26.042",301,89.92328475394507,-1.4140942335111486e34,7.070516785376909e33,2.6264258441274932e23,428.21665560716656,157,588,1309.963503649635,1238,1377,1654.3171864631718,1310,9192,603.4638354346383,-1135,1301,169,641,15,15,56,NoNose|NoBody2,1
6,15,"2023-12-11 20:25:26.141","2023-12-11 20:30:48.556",322,89.89514774001579,6.393304274205696e29,-1.0301395206607646e33,-5.137179207445135e32,432.34542635658914,183,627,1309.9122480620156,1246,1364,1638.352558139535,1307,9657,604.1556589147286,-1315,1233,168,645,15,15,56,NoNose|NoBody2,1
6,16,"2023-12-11 20:30:48.642","2023-12-11 20:35:43.638",294,89.34618685286885,7.4270414680128075e31,9.013893595391366e33,-1.834828193832599e31,434.95560826838357,139,566,1311.579125720095,1245,1367,1655.1409691629956,1317,8883,598.0664181633344,-1305,1826,168,645,15,15,55,NoNose|NoBody2,1
6,17,"2023-12-11 20:35:43.740","2023-12-11 20:40:37.934",294,89.55903873261835,1.8021937919275228e30,-6.874117329255838e27,-4.349336483860006e34,429.3282364933741,91,647,1311.2035338090384,1227,1396,1651.0543662928983,1303,8535,596.4689092762487,-1330,1349,169,642,15,15,56,NoNose|NoBody2,1
6,18,"2023-12-11 20:40:38.053","2023-12-11 20:45:32.643",294,89.67144985806118,-2.527990449415181e34,-4.3431905299739925e34,1.0794842213078356e27,430.9409569053274,142,601,1311.1761112996267,1245,1378,1652.0570071258908,1315,8842,599.065151001018,-1291,1190,169,642,15,15,56,NoNose|NoBody2,1
6,19,"2023-12-11 20:45:32.746","2023-12-11 20:50:27.556",294,89.74577629618611,-1.0587862070881038e31,-4.331741931498452e34,1.682529850912788e25,427.64925373134326,22,609,1309.8059701492537,1235,1396,1647.6719810040706,1297,8628,600.5729308005427,-1334,1370,168,645,15,15,56,NoNose|NoBody2,1
6,20,"2023-12-11 20:50:27.558","2023-12-11 20:55:22.051",294,89.78187011502776,-1.6174346351692697e34,1.0906187146010193e34,-1.3819996945096237e29,428.9307300509338,13,625,1310.24142614601,1236,1453,1652.9134125636672,1219,8894,599.906960950764,-1335,2083,168,645,15,15,56,NoNose|NoBody2,1
6,21,"2023-12-11 20:55:22.146","2023-12-11 21:00:16.242",294,89.79488017982553,-4.34382898124839e34,1.356220258327545e34,-3.942896003881213e32,436.89123045547245,108,594,1312.4384772263766,1242,1363,1650.855880353501,1287,8511,597.8011556764106,-1288,1364,168,644,15,16,55,NoNose|NoBody2,1
6,22,"2023-12-11 21:00:16.353","2023-12-11 21:05:10.439",294,89.82660116983566,1.768565630533524e30,1.697529527881673e32,-1.1734173410404623e33,433.94831689901395,53,631,1311.493369602176,1249,1368,1657.3165589935395,1314,8836,594.3808228493709,-1333,1278,168,643,15,15,55,NoNose|NoBody2,1
6,23,"2023-12-11 21:05:10.559","2023-12-11 21:10:05.250",294,89.85294212580287,-1.0821225610616315e34,1.2930854864990032e27,-1.9841488469310034e34,423.2401628222524,88,570,1310.5454545454545,1249,1367,1647.603120759837,1307,8580,605.8093622795116,-1364,1316,169,644,15,15,56,NoNose|NoBody2,1
6,24,"2023-12-11 21:10:05.344","2023-12-11 21:14:59.846",294,89.86330320523994,-7.394100503330253e30,2.8241685659154975e32,1.1558460804073318e32,424.3187372708758,145,578,1309.3489477257299,1240,1442,1654.1911065852003,1316,9355,602.3285811269518,-1213,1390,168,643,15,15,56,NoNose|NoBody2,1
6,25,"2023-12-11 21:14:59.959","2023-12-11 21:19:54.540",294,89.8988596712884,4.8204784526637e28,-7.210751625123838e34,-1.8086189346569391e34,427.1014591109603,100,609,1309.7567017305735,1242,1367,1643.6620291822192,1320,8618,603.7159823549372,-1224,1416,169,643,15,15,55,NoNose|NoBody2,1
6,26,"2023-12-11 21:19:54.854","2023-12-11 21:24:48.770",293,89.8979126177982,9.870308144046878e31,5.781616672128538e28,-2.6255402246164137e34,430.0636054421769,138,619,1309.942857142857,1252,1360,1650.9353741496598,1269,8859,598.9574829931972,-1360,1370,168,645,15,15,56,NoNose|NoBody2,1
6,27,"2023-12-11 21:24:48.992","2023-12-11 21:29:42.744",293,89.89147062952607,-2.889455739097211e34,4.927041680639456e33,1.012659865798138e32,428.078231292517,83,595,1311.2306122448979,1253,1355,1649.9809523809524,1315,8852,607.6534013605442,-1296,1380,169,643,15,15,56,NoNose|NoBody2,1
6,28,"2023-12-11 21:29:42.937","2023-12-11 21:35:03.037",320,89.38697100993981,-2.8419756381638545e32,-3.9968925819628347e34,3.445971278454096e33,427.27514053716425,116,543,1310.522798251093,1237,1373,1629.6514678326046,1310,8855,602.9175515302936,-1431,1441,427,645,15,15,56,NoNose|NoBody2,1
6,29,"2023-12-11 21:35:03.146","2023-12-11 21:39:57.437",294,89.58822038356398,-5.123740611787964e34,1.4835180599224849e32,7.101583385659125e31,423.1223241590214,121,640,1309.9150526673463,1199,1370,1643.4118246687053,1315,8563,601.8786952089704,-1355,1293,169,644,15,15,55,NoNose|NoBody2,1
6,30,"2023-12-11 21:39:57.443","2023-12-11 21:44:51.084",293,89.69114827336347,-5.801192254834593e32,-9.055444780602737e32,-3.603439185903559e34,424.62104187946886,107,626,1310.0405175348997,1231,1358,1649.3718079673135,1322,8835,602.7061627511066,-1308,1375,169,643,15,15,55,NoNose|NoBody2,1
6,31,"2023-12-11 21:44:51.143","2023-12-11 21:49:45.448",294,89.74387466316507,1.1627899585558426e34,-1.3557404891073654e33,-6.900639878769894e27,425.3108016304348,160,610,1309.703125,1219,1363,1648.7550951086957,1316,8741,601.5896739130435,-1343,1333,169,645,15,15,55,NoNose|NoBody2,1
6,32,"2023-12-11 21:49:45.545","2023-12-11 21:54:40.257",294,89.77779526036898,-1.4450474898227893e34,8.78162143942857e31,4.4939280193351423e33,430.1109226594301,87,627,1309.5454545454545,1245,1364,1659.995251017639,1310,8889,601.4993215739485,-1369,1365,168,643,15,15,56,NoNose|NoBody2,1
6,33,"2023-12-11 21:54:40.347","2023-12-11 21:59:34.634",294,89.79732091056313,-5.231951753845189e27,-3.604396892796446e34,2.844036562691119e33,428.43764865783214,148,646,1310.1719334012912,1248,1361,1648.9809717974856,1312,8591,603.8243289160721,-1370,1309,169,642,15,16,56,NoNose|NoBody2,1
6,34,"2023-12-11 21:59:34.747","2023-12-11 22:04:28.841",294,89.82613896833351,-6.939496865248111e32,6.111624744991291e33,7.437117165781261e31,423.1607749830048,87,617,1309.3127124405166,1244,1358,1656.6254248810333,1311,8834,611.9629503738953,-1283,1875,168,643,15,15,56,NoNose|NoBody2,1
6,35,"2023-12-11 22:04:28.947","2023-12-11 22:09:23.357",294,89.85379450783606,5.944312389991229e33,6.214934533034959e33,-1.2770431362834393e31,427.1867572156197,25,568,1310.3677419354838,1251,1363,1648.6224108658744,1292,8598,608.1242784380306,-1383,1238,168,643,15,15,56,NoNose|NoBody2,1
6,36,"2023-12-11 22:09:23.447","2023-12-11 22:14:17.942",294,89.87090815509745,-6.042090788437371e27,-2.4711476025113216e31,8.146630074677528e31,421.11405295315683,84,611,1309.999660556687,1244,1364,1652.917854718262,1315,8883,610.0638153428378,-1203,1327,168,645,15,15,56,NoNose|NoBody2,1
6,37,"2023-12-11 22:14:18.154","2023-12-11 22:19:12.250",294,89.88433110423561,4.6212177031758573e33,9.044668660707239e33,-3.3173642812512766e29,417.67018021081265,77,612,1307.1326079564774,1218,1366,1649.6273376402585,1323,8628,607.3417205032302,-1387,1327,168,643,15,16,56,NoNose|NoBody2,1
6,38,"2023-12-11 22:19:12.252","2023-12-11 22:24:07.306",295,89.90747132315498,-2.95935213559322e32,1.4454237280271187e32,-4.304821291756237e27,414.2837288135593,8,618,1307.0759322033898,1231,1357,1649.949152542373,1307,8799,612.3491525423728,-1321,1272,169,644,15,16,55,NoNose|NoBody2,1
6,39,"2023-12-11 22:24:07.308","2023-12-11 22:29:02.047",294,89.9246042832453,5.485261194040505e33,1.446318417217679e32,3.629580237904806e33,422.59023066485753,100,723,1308.1221166892808,1243,1354,1645.3215739484397,1314,8495,605.5671641791045,-1392,1404,168,645,15,15,56,NoNose|NoBody2,1
6,40,"2023-12-11 22:29:02.150","2023-12-11 22:35:01.560",359,88.7138801518024,-3.0394101368391765e34,5.26724735671248e33,-2.4198647333193937e34,419.7929883138564,32,577,1310.4924874791318,1205,1379,1684.7960489705065,1293,8780,604.6076794657763,-1371,1276,432,1033,15,15,56,NoNose|NoBody2,1
6,41,"2023-12-11 22:35:01.662","2023-12-11 22:39:56.451",294,89.13334384184802,3.1469674456580735e33,-3.410801695968794e29,5.159227418969066e28,420.68792401628224,100,577,1310.1119402985075,1222,1371,1650.901289009498,1285,8506,609.2360922659431,-1339,1449,169,645,15,15,56,NoNose|NoBody2,1
6,42,"2023-12-11 22:39:56.453","2023-12-11 22:45:07.038",310,89.36022555522456,-2.1108876048591325e34,-2.793691663984534e24,-2.0435281624054732e24,423.4177663340843,-168,572,1309.9008690054716,1240,1359,1639.2822658513035,1314,8824,615.521725136788,-1248,1443,168,645,15,15,55,NoNose|NoBody2,1
6,43,"2023-12-11 22:45:07.134","2023-12-11 22:50:10.552",303,88.99625572636192,-2.80724876441394e34,1.0510708057824712e34,-7.680933035749708e32,413.499176276771,79,586,1308.4388797364086,1253,1374,1640.2939044481054,1311,8528,613.8968698517298,-1171,1297,168,645,14,15,55,NoNose|NoBody2,1
6,44,"2023-12-11 22:50:10.642","2023-12-11 22:55:18.737",308,89.31186677453532,-9.701492537310365e32,-3.6747968851380786e29,3.0305007073391956e33,407.42926670992864,39,771,1307.3413367942894,1249,1373,1637.1722907203116,1299,8821,617.6609344581441,-1391,1369,169,644,15,15,55,NoNose|NoBody2,1
6,45,"2023-12-11 22:55:18.844","2023-12-11 23:00:20.514",301,89.04212255935583,5.393105628706e33,8.255875477765993e28,-6.632331703621297e32,412.9184620483924,81,592,1307.2386476632416,1226,1364,1639.875041431886,1295,8584,617.6546237984753,-1381,1356,169,643,16,15,56,NoNose|NoBody2,1
6,46,"2023-12-11 23:00:20.549","2023-12-11 23:05:22.047",301,88.85510056441052,-5.041269072275294e27,1.3797678064249604e32,-2.4660033227077846e34,414.46666666666664,10,608,1310.2457711442787,1246,1364,1709.7714759535654,1305,8849,615.0252072968491,-1401,1386,169,714,15,15,56,NoNose|NoBody2,1
6,47,"2023-12-11 23:05:22.145","2023-12-11 23:10:44.940",322,89.013643195134,-4.0268496567537163e34,1.3154290650168455e34,-3.2202520569804895e27,417.9482812016104,109,563,1310.1124187054816,1247,1357,1625.3353979560236,1313,8499,606.9761536079282,-1321,1424,169,645,15,15,55,NoNose|NoBody2,1
6,48,"2023-12-11 23:10:45.041","2023-12-11 23:15:51.134",306,88.4632674798191,1.2391592423657743e34,1.0417658024610972e34,6.991025473775645e33,409.3811234487263,41,690,1309.008817766166,1231,1385,1643.4474199869367,1311,8837,604.5545395166558,-1376,1323,169,645,15,15,55,NoNose|NoBody2,1
6,49,"2023-12-11 23:15:51.244","2023-12-11 23:20:56.627",305,88.9469623204801,-2.440073704821487e34,1.0448313134529643e34,-7.32393901991493e34,408.83164100884375,135,555,1308.7638388470357,1241,1355,1636.504421880118,1284,8520,610.7628562070095,-1307,1351,168,645,15,16,56,NoNose|NoBody2,1
6,50,"2023-12-11 23:20:56.629","2023-12-11 23:25:57.145",300,88.87021169659893,6.328397460109782e33,2.2382667584830755e32,4.060532673985402e28,400.5189620758483,50,555,1306.0572188955423,1236,1364,1645.9720558882236,1296,8770,626.4807052561544,-1280,1302,169,644,15,15,55,NoNose|NoBody2,1
6,51,"2023-12-11 23:25:57.256","2023-12-11 23:30:51.346",294,89.1689946291652,-6.618237525450174e34,7.247363075589677e33,-4.3248649332739423e26,396.6250425314733,67,589,1306.390949302484,1235,1388,1645.825450833617,1277,8458,624.7873426335489,-1353,1384,169,644,14,15,55,NoNose|NoBody2,1
6,52,"2023-12-11 23:30:51.459","2023-12-11 23:35:45.944",294,89.33569043241208,-3.631602171259567e34,5.627257154107264e28,9.05044306537286e33,407.4830278343517,108,596,1307.071961982349,1246,1369,1656.2803801765106,1311,8788,632.9025797691786,-1087,1495,169,645,15,15,56,NoNose|NoBody2,1
6,53,"2023-12-11 23:35:46.058","2023-12-11 23:41:23.943",337,88.61659885852657,1.3550329853268965e32,1.748741420105562e32,-9.858286094672764e32,407.85828402366866,86,600,1308.8961538461538,1259,1349,1741.1869822485207,1307,8509,630.0573964497041,-1336,1306,169,1083,15,15,55,NoNose|NoBody2,1
6,54,"2023-12-11 23:41:24.059","2023-12-11 23:46:34.455",310,88.99664164533752,-3.739536404582538e32,4.574742268507053e28,-2.4033485376104957e34,402.88273195876286,86,615,1307.9104381443299,1230,1391,1641.8840206185566,1300,8743,635.1156572164948,-1365,1318,169,644,15,15,56,NoNose|NoBody2,1
6,55,"2023-12-11 23:46:34.544","2023-12-11 23:51:45.086",310,88.82716160493031,-8.2447665056410635e34,8.566870392721627e33,9.404186795491144e31,402.6743961352657,136,588,1307.3896940418679,1247,1370,1634.3561996779388,1314,8449,629.9900161030596,-1310,1295,169,643,15,15,55,NoNose|NoBody2,1
6,56,"2023-12-11 23:51:45.089","2023-12-11 23:56:46.090",301,88.77977524275332,-4.287966678725986e32,-2.4131893352819896e31,7.109636081097883e33,388.0501661129568,127,576,1306.512292358804,1235,1366,1643.792026578073,1304,8723,622.6006644518272,-1383,1349,169,642,15,15,55,NoNose|NoBody2,1
6,57,"2023-12-11 23:56:46.091","2023-12-12 00:01:40.154",294,89.0997478576539,-2.160562540569725e34,-1.4092454112766146e33,3.6370542152413327e33,391.50373895309315,93,541,1305.015635622026,1242,1358,1648.5013596193066,1309,8459,602.1288239292998,-1356,1372,168,642,15,15,55,NoNose|NoBody2,1
6,58,"2023-12-12 00:01:40.248","2023-12-12 00:06:35.104",294,89.31507233430888,-2.7915051872867318e29,3.1372311807392265e32,1.5461386910833946e30,398.00101729399796,49,623,1305.6836215666328,1241,1358,1650.428958969142,1245,8812,593.7226178365547,-1373,1450,169,644,15,15,56,NoNose|NoBody2,1
6,59,"2023-12-12 00:06:35.147","2023-12-12 00:11:29.254",294,89.45435223390822,1.1330438185777436e32,-2.5242188009876744e31,-3.7200136100710227e34,402.83599863899286,66,592,1308.9496427356244,1252,1371,1640.9571282749234,1267,8415,585.0272201429058,-1385,1393,168,643,14,16,56,NoNose|NoBody2,1
6,60,"2023-12-12 00:11:29.256","2023-12-12 00:16:23.839",294,89.54727652581524,5.432930288957992e33,-5.124415466848285e34,-4.971136001679422e29,403.41765704584043,42,684,1308.3870967741937,1248,1356,1653.0387096774193,1319,8803,592.9901528013582,-1349,1302,169,642,15,15,55,NoNose|NoBody2,1
6,61,"2023-12-12 00:16:23.949","2023-12-12 00:21:24.741",300,89.47542883434076,-6.821808507232164e32,3.3444248409840426e32,-3.562615643716415e34,404.4408244680851,-93,625,1308.3480718085107,1234,1362,1505.0654920212767,1319,8421,573.3753324468086,-1353,1372,186,645,15,16,56,NoNose|NoBody2|NoBody1,1
6,62,"2023-12-12 00:21:24.842","2023-12-12 00:26:19.745",294,89.60230613259876,-1.8082091784751197e34,-9.561355967667796e32,2.775602033898444e33,401.0925423728814,-41,603,1306.6210169491526,1233,1364,1512.137966101695,1314,8783,579.7450847457627,-1384,1361,168,644,15,16,56,NoNose|NoBody2|NoBody1,1
6,63,"2023-12-12 00:26:19.847","2023-12-12 00:31:14.660",294,89.69594786716544,5.49983033383114e33,-2.118439769256849e31,-6.477826406440014e27,386.4462164913471,-19,603,1305.0648116728876,1219,1359,1506.2541567695962,1305,8437,584.9969460468272,-1367,1389,168,643,15,16,55,NoNose|NoBody2|NoBody1,1
6,64,"2023-12-12 00:31:14.661","2023-12-12 00:36:10.239",295,89.78274003277546,-8.002702538780863e32,-5.28677700779871e34,-2.1939130947582006e29,386.8681095705106,82,558,1304.692255664525,1231,1353,1512.6959756509975,1311,8851,593.6766993574569,-1377,1364,169,643,15,16,56,NoNose|NoBody2|NoBody1,1
6,65,"2023-12-12 00:36:10.337","2023-12-12 00:41:04.963",294,89.83552821223506,-1.2351009039699336e31,-2.117299974272582e31,2.801799114595249e33,392.0722768917543,21,534,1306.0203596878182,1223,1356,1504.743807261622,1300,8446,602.2857142857143,-1368,1337,168,643,15,15,55,NoNose|NoBody2|NoBody1,1
6,66,"2023-12-12 00:41:05.052","2023-12-12 00:45:59.340",294,89.86211370062729,-1.1304232257490149e33,1.4572010869565225e32,-6.895426313670788e27,398.1552309782609,123,665,1307.0794836956522,1240,1356,1513.4976222826087,1311,8774,601.4673913043479,-1339,1398,168,642,15,16,56,NoNose|NoBody2|NoBody1,1
6,67,"2023-12-12 00:45:59.446","2023-12-12 00:50:54.445",294,89.87209692810809,1.0098271767684528e35,2.6903057416391724e25,-5.418348539478246e34,396.1138597085734,38,629,1307.7492375465945,1228,1395,1508.6672314469672,1318,8408,592.4127414435784,-1382,1754,169,645,15,15,56,NoNose|NoBody2|NoBody1,1
6,68,"2023-12-12 00:50:54.643","2023-12-12 00:55:49.656",295,89.90904232412103,3.525440542449474e30,1.4421250509499726e32,1.1326236825219385e32,397.5484745762712,29,580,1308.2261016949153,1235,1359,1514.6416949152542,1304,8838,585.6308474576272,-1501,1389,168,642,15,15,55,NoNose|NoBody2|NoBody1,1
6,69,"2023-12-12 00:55:50.036","2023-12-12 01:01:09.436",319,89.4358426315604,7.944949568698781e26,1.365651830591179e32,-9.759421988336138e30,399.7244291523303,18,641,1308.0309665311229,1214,1383,1496.606818892712,1315,8462,590.5082890209571,-1411,1378,169,892,15,15,55,NoNose|NoBody2|NoBody1,1
6,70,"2023-12-12 01:01:09.544","2023-12-12 01:06:04.347",294,89.64183345620968,-6.71580088197345e25,-1.178967606071913e33,3.9379171386696445e33,393.31241519674353,95,552,1306.0756445047489,1245,1362,1512.1597693351425,1312,8858,588.5824287652646,-1351,1481,169,643,15,16,55,NoNose|NoBody2|NoBody1,1
6,71,"2023-12-12 01:06:04.462","2023-12-12 01:10:59.158",294,89.76082059007314,8.733353369659195e29,1.9637149546770563e32,1.0786969425610571e27,392.1835142469471,46,622,1305.509497964722,1237,1354,1504.8158073270013,1325,8442,575.9762550881953,-1415,2040,168,643,15,15,55,NoNose|NoBody2|NoBody1,1
6,72,"2023-12-12 01:10:59.255","2023-12-12 01:15:53.910",294,89.77432223285042,7.304317548516017e29,7.499825905292479e23,4.6487670788634963e33,395.20717270194984,30,530,1305.675835654596,1249,1358,1515.2733286908078,1300,8798,570.1695682451253,-1336,1364,169,642,15,15,54,NoNose|NoBody2|NoBody1,1
6,73,"2023-12-12 01:15:53.913","2023-12-12 01:20:48.547",294,89.8556364975906,-2.209846639192935e34,-5.774456518316916e34,-2.163804694266393e34,399.17527173913044,-61,627,1306.663383152174,1217,1371,1504.4429347826087,1303,8413,561.7472826086956,-1411,1363,169,645,15,15,56,NoNose|NoBody2|NoBody1,1
6,74,"2023-12-12 01:20:48.653","2023-12-12 01:25:43.256",294,89.88749842066743,7.031067058700756e29,1.0993974885188326e34,-3.5967858424186527e34,398.3851374278928,-38,573,1308.4767560230744,1251,1361,1515.6087546657618,1319,8852,559.346114692908,-1403,1369,169,643,15,16,56,NoNose|NoBody2|NoBody1,1
6,75,"2023-12-12 01:25:43.340","2023-12-12 01:30:37.545",294,89.90980411209951,-3.945105383113977e32,7.070051162473907e30,-1.451216179764446e34,395.55744391570363,103,513,1307.2161794697486,1234,1359,1508.509857239973,1287,8498,485.7192386131883,-1425,1420,168,643,14,15,56,NoNose|NoBody2|NoBody1,1
6,76,"2023-12-12 01:30:37.651","2023-12-12 01:36:00.155",322,89.03319734704029,5.250877928171368e33,-6.685109423396157e34,-5.799746023217731e27,394.1084934903906,83,573,1307.2954122752635,1227,1385,1554.780843149411,1312,8794,495.83601983880965,-1426,1417,168,931,15,15,56,NoNose|NoBody2|NoBody1,1
6,77,"2023-12-12 01:36:00.405","2023-12-12 01:40:54.650",294,89.18772162742486,-4.6387779497453326e32,1.4478779864197147e32,9.876400546301734e31,387.1782682512733,75,565,1306.0818336162988,1214,1357,1506.0451612903225,1301,8438,36.25229202037352,-1425,1410,169,643,14,15,55,NoNose|NoBody2|NoBody1,1
6,78,"2023-12-12 01:40:54.735","2023-12-12 01:45:49.258",294,89.42334258305041,-4.516249176645883e32,-2.8241660120164146e31,2.718092574442791e20,391.5726408689749,102,639,1305.5987780040732,1254,1360,1512.4151391717583,1277,8783,61.24304141208418,-1422,1400,168,644,15,15,55,NoNose|NoBody2|NoBody1,1
6,79,"2023-12-12 01:45:49.344","2023-12-12 01:50:44.038",294,89.56958449514815,-1.76080192180731e31,-2.204777936906429e31,-4.341927418841248e34,393.472184531886,-43,580,1305.9945725915875,1234,1349,1506.2635685210312,1300,8439,95.2876526458616,-1446,1430,168,645,15,15,56,NoNose|NoBody2|NoBody1,1
6,80,"2023-12-12 01:50:44.139","2023-12-12 01:55:38.991",294,89.68266240418485,-6.887619908381954e27,-9.021911126199568e32,-1.1295499350983717e33,393.5532564450475,116,584,1304.6350067842604,1239,1373,1510.8388738127544,1308,8811,45.9399592944369,-1411,1419,168,645,15,15,55,NoNose|NoBody2|NoBody1,1
6,81,"2023-12-12 01:55:38.993","2023-12-12 02:00:32.956",293,89.73551151705672,3.1700680272108856e33,-1.0121911564963396e35,9.998187099523812e26,394.16870748299317,-91,553,1305.5316326530613,1210,1360,1504.7428571428572,1324,8495,67.98333333333333,-1420,1401,169,645,14,15,55,NoNose|NoBody2|NoBody1,1
6,82,"2023-12-12 02:00:32.958","2023-12-12 02:05:27.351",294,89.77100528257361,2.5390624380424997e30,2.0957829827228286e30,-4.337906243049265e34,399.43410326086956,97,578,1306.1137907608695,1238,1356,1511.1341711956522,1297,8788,37.05129076086956,-1417,1392,167,644,15,15,56,NoNose|NoBody2|NoBody1,1
6,83,"2023-12-12 02:05:27.461","2023-12-12 02:10:22.140",294,89.79994949783814,-1.8080052873130238e34,-2.8174355539189293e31,-3.392157015790334e32,391.42639077340567,68,585,1307.40434192673,1235,1358,1507.593962008141,1319,8447,24.16350067842605,-1430,1407,169,647,14,15,55,NoNose|NoBody2|NoBody1,1
6,84,"2023-12-12 02:10:22.244","2023-12-12 02:15:30.061",307,89.83758533962899,3.475200331771419e33,-7.004223138050351e34,9.483588242876879e31,389.23806430659306,98,547,1307.3507632348164,1243,1359,1509.0506658005845,1296,8802,86.28385839558298,-1408,1393,169,642,15,15,56,NoNose|NoBody2|NoBody1,1
6,85,"2023-12-12 02:15:30.140","2023-12-12 02:20:40.541",310,89.28468518543227,-2.031248293880635e31,-1.0370273764806184e35,-3.480646416997322e32,389.80676328502415,0,578,1306.97230273752,1232,1357,1499.4705314009661,1321,8447,58.33526570048309,-1430,1416,168,645,15,15,56,NoNose|NoBody2|NoBody1,1
6,86,"2023-12-12 02:20:40.650","2023-12-12 02:25:35.142",294,89.53384871726269,-8.854089002499003e34,-3.734894772478399e34,1.843177290944973e32,395.6578411405295,73,612,1306.500339443313,1250,1356,1512.418533604888,1304,8801,71.81093007467753,-1423,1435,169,642,15,16,55,NoNose|NoBody2|NoBody1,1
6,87,"2023-12-12 02:25:35.244","2023-12-12 02:30:30.252",295,89.68071080553074,9.85431535594567e31,-1.2580420336290376e35,3.1520000101355705e33,399.48033898305084,88,567,1305.8989830508474,1246,1376,1505.495593220339,1317,8495,100.14338983050847,-1390,1387,168,645,15,15,56,NoNose|NoBody2|NoBody1,1
6,88,"2023-12-12 02:30:30.346","2023-12-12 02:35:24.641",294,89.769268882716,8.227631751084447e33,4.8263942938800005e28,-1.4354488637907617e29,394.9697690217391,95,566,1305.9076086956522,1224,1368,1512.1260190217392,1309,8802,111.40625,-1395,1421,168,643,14,15,55,NoNose|NoBody2|NoBody1,1
6,89,"2023-12-12 02:35:24.758","2023-12-12 02:40:19.249",294,89.81472751584744,2.7493522686348406e33,1.8231290605904874e34,2.7087576376585204e33,400.9517990495587,61,579,1305.767141887305,1228,1365,1504.5380176510523,1293,8458,130.24779361846572,-1376,1422,169,643,15,15,56,NoNose|NoBody2|NoBody1,1
6,90,"2023-12-12 02:40:19.353","2023-12-12 02:45:13.556",294,89.83115694101822,2.3126441726178876e33,286492291.69103056,3.3007223920925725e33,381.51410125722055,-56,619,1305.7655453618756,1247,1366,1512.0244648318044,1315,8810,470.30241250424734,-1436,1394,169,645,15,16,55,NoNose|NoBody2|NoBody1,1
6,91,"2023-12-12 02:45:13.641","2023-12-12 02:50:08.277",294,89.85890858593574,-5.068058991518536e34,9.142228041412082e33,8.635845240256218e31,389.1317040054311,129,544,1307.6656483367278,1247,1369,1508.142905634759,1310,8430,29.97488119484046,-1417,1393,168,643,15,15,55,NoNose|NoBody2|NoBody1,1
6,92,"2023-12-12 02:50:08.278","2023-12-12 02:55:20.175",311,90.19296889862406,-1.8770769219647434e34,2.4999977254781404e30,-4.1025641025640884e34,389.66410256410256,14,529,1307.2342948717949,1249,1355,1507.0166666666667,1317,8779,35.52980769230769,-1442,1421,169,643,15,15,149,NoNose|NoBody2|NoBody1,1
6,93,"2023-12-12 02:55:20.256","2023-12-12 03:00:14.637",294,90.14907625203602,-7.700670736509343e30,-1.1589813238573854e33,9.886834634974861e31,387.29269949066213,-6,562,1306.653310696095,1147,1359,1507.476740237691,1314,8427,17.500848896434636,-1416,1416,169,643,15,15,55,NoNose|NoBody2|NoBody1,1
6,94,"2023-12-12 03:00:14.750","2023-12-12 03:05:09.245",294,90.09200920775831,-5.775653236937867e34,3.1059062874375435e32,-1.0590765783856353e31,391.887644263408,86,552,1306.6038696537678,1235,1367,1511.2325186693822,1306,8829,21.96877121520706,-1547,1360,169,642,15,16,56,NoNose|NoBody2|NoBody1,1
6,95,"2023-12-12 03:05:09.336","2023-12-12 03:10:03.350",294,90.05903979271898,-5.646273376873231e32,9.942196561088068e33,-1.8034602998139032e34,390.5861951717103,121,594,1305.4393063583816,1233,1354,1505.3845630737844,1304,8430,22.557293437606255,-1419,1412,168,643,14,15,56,NoNose|NoBody2|NoBody1,1
6,96,"2023-12-12 03:10:03.451","2023-12-12 03:14:57.541",294,90.03113779386024,-4.3166274324500273e27,-5.064602832443609e24,2.2603610469151277e33,387.1736913664174,62,601,1305.3334466349422,1234,1349,1512.592794017675,1303,8786,-11.192726036709722,-1421,1417,169,642,14,16,56,NoNose|NoBody2|NoBody1,1
6,97,"2023-12-12 03:14:57.639","2023-12-12 03:19:51.753",294,90.0107719705394,-2.305912110774817e34,-8.633740313518309e27,2.2619170635390888e33,387.3565601631543,-20,545,1305.0683208701564,1248,1364,1504.4289598912305,1305,8421,22.668252889191027,-1427,1424,169,643,15,15,55,NoNose|NoBody2|NoBody1,1
6,98,"2023-12-12 03:19:51.840","2023-12-12 03:24:46.248",294,90.0049795864799,-3.9932065217391334e32,-2.540407608703532e34,-4.349239127877847e34,389.4881114130435,40,575,1304.1202445652175,1228,1360,1510.664741847826,1305,8823,18.238111413043477,-1435,1408,169,642,15,15,55,NoNose|NoBody2|NoBody1,1
6,99,"2023-12-12 03:24:46.352","2023-12-12 03:29:40.755",294,90.00957222890901,-9.495811646859021e30,-1.3802892434586297e26,-1.7657045873167387e31,387.31816638370117,66,535,1303.7219015280136,1235,1361,1503.33039049236,1314,8396,31.307640067911716,-1403,1414,168,643,14,16,55,NoNose|NoBody2|NoBody1,1
6,100,"2023-12-12 03:29:40.841","2023-12-12 03:34:35.449",294,90.0119408457574,-2.230539877822895e34,-5.055989141793216e34,1.4290794571599025e25,390.21106209704783,99,546,1305.2443162538175,1255,1351,1510.7231082456735,1308,8763,16.761791652527993,-1408,1411,168,643,14,15,56,NoNose|NoBody2|NoBody1,1
6,101,"2023-12-12 03:34:35.545","2023-12-12 03:40:14.267",338,89.1712432653528,-3.1898321138765652e34,-3.8269999999651634e29,-5.162420899532061e32,396.7915559492176,11,534,1307.9282550930027,1242,1361,1488.4233835252435,1302,8390,13.066430469441984,-1395,1478,169,1082,15,15,56,NoNose|NoBody2|NoBody1,1
6,102,"2023-12-12 03:40:14.268","2023-12-12 03:45:08.284",294,89.45811887425097,9.89731295123467e31,2.2658024699511816e32,6.360265523809656e33,396.3431972789116,113,582,1307.668707482993,1236,1362,1514.8704081632652,1282,8774,12.431632653061225,-1463,1465,168,642,15,15,55,NoNose|NoBody2|NoBody1,1
6,103,"2023-12-12 03:45:08.285","2023-12-12 03:50:02.654",294,89.60655459753707,-1.2946375273548767e31,1.1312125315777929e32,-3.3151378982560273e34,389.8879456706282,86,594,1307.3018675721562,1216,1374,1505.8916808149406,1263,8413,28.940916808149407,-1407,1473,168,643,15,16,56,NoNose|NoBody2|NoBody1,1
6,104,"2023-12-12 03:50:02.767","2023-12-12 03:54:56.747",293,89.7042368780164,-8.98673437623352e34,-6.33761016425042e34,4.440122407344445e26,386.84359061543694,126,557,1306.7079224753486,1253,1377,1511.6310778646719,1312,8803,20.193811628697723,-1464,1430,168,642,15,15,56,NoNose|NoBody2|NoBody1,1
6,105,"2023-12-12 03:54:56.838","2023-12-12 03:59:51.512",294,89.7742569886,2.2465716326306609e33,-9.032586352342109e27,-4.516076375008825e32,386.2033265444671,-36,551,1305.847929395791,1245,1355,1504.6052274270196,1307,8400,47.29090291921249,-1449,1419,169,642,15,15,56,NoNose|NoBody2|NoBody1,1
6,106,"2023-12-12 03:59:51.541","2023-12-12 04:04:46.038",294,89.82528785167602,-6.839728350739568e32,-5.1949066213974535e34,-2.896430491430545e34,378.169779286927,-7,526,1305.0057724957555,1223,1352,1511.7762308998301,1309,8751,27.595246179966043,-1471,1447,168,642,15,15,56,NoNose|NoBody2|NoBody1,1
6,107,"2023-12-12 04:04:46.147","2023-12-12 04:09:40.958",294,89.87656386999208,7.069200971506117e31,-7.757776405929412e27,-2.2605572184561985e29,338.86906377204883,-2,612,1300.7717096336498,1215,1349,1502.2523744911805,1297,8381,32.61804613297151,-1418,1413,169,642,15,15,55,NoNose|NoBody2|NoBody1,1
6,108,"2023-12-12 04:09:41.257","2023-12-12 04:14:35.765",294,89.91443731051469,-6.080346542135774e32,5.582626264949402e33,2.722739932843662e33,337.78520529351886,21,487,1300.3678316932474,1232,1362,1510.406854428232,1309,8778,39.65490329148287,-1415,1414,169,643,15,15,55,NoNose|NoBody2|NoBody1,1
6,109,"2023-12-12 04:14:35.848","2023-12-12 04:19:29.836",293,89.91810509497508,6.544217687075045e31,-4.445986388409184e34,3.176864693877654e33,341.3061224489796,-36,536,1301.3340136054421,1240,1362,1505.1612244897958,1319,8406,27.025850340136053,-1530,1423,168,643,15,15,56,NoNose|NoBody2|NoBody1,1
6,110,"2023-12-12 04:19:29.947","2023-12-12 04:24:24.356",294,89.92407233755667,-1.0540185433101641e24,-4.349945650152857e34,6.245421098883831e33,347.5139266304348,28,598,1303.4949048913043,1252,1359,1513.7877038043478,1308,8737,32.69429347826087,-1402,1424,168,643,15,15,56,NoNose|NoBody2|NoBody1,1
6,111,"2023-12-12 04:24:24.440","2023-12-12 04:30:21.658",357,90.15909512531181,2.0299136103554435e33,-9.126653846649995e24,-6.521180538586341e32,346.64875454799886,7,522,1303.3851105513575,1241,1353,1483.2776378393507,1325,8385,-0.11335012594458438,-1440,1473,168,643,15,15,149,NoNose|NoBody2|NoBody1,1
6,112,"2023-12-12 04:30:21.864","2023-12-12 04:35:16.251",294,89.25962828781876,-5.9544916130914765e32,7.207490662139217e33,-3.6004076580867578e34,342.906960950764,-30,496,1302.9820033955857,1205,1353,1511.8200339558573,1310,8755,31.61188455008489,-1417,1420,169,643,15,15,55,NoNose|NoBody2|NoBody1,1
6,113,"2023-12-12 04:35:16.343","2023-12-12 04:40:11.062",294,89.54740447333607,1.126208552559395e32,-5.192790242878275e34,4.7522064146518025e31,350.8414799728445,-24,559,1302.693143245078,1248,1350,1504.6564833672776,1321,8379,39.457569585879156,-1426,1432,169,643,15,15,55,NoNose|NoBody2|NoBody1,1
6,114,"2023-12-12 04:40:11.065","2023-12-12 04:45:10.099",299,89.68421212317405,-5.4344803486935006e32,-4.9821563268716575e34,-9.290307486553474e25,352.1965240641711,69,509,1302.5304144385027,1249,1350,1509.384692513369,1310,8819,3.392379679144385,-1419,1383,168,643,14,16,56,NoNose|NoBody2|NoBody1,1
6,115,"2023-12-12 04:45:10.167","2023-12-12 04:50:18.450",308,89.38913491924932,-3.768362323516347e32,-1.511514938362095e33,2.5881767714467166e33,354.9189101524489,77,505,1302.300032435939,1246,1348,1854.4748621472593,1291,9657,12.16931560168667,-1382,1463,168,643,15,15,55,NULL,0
6,116,"2023-12-12 04:50:18.549","2023-12-12 04:55:13.451",294,89.57033066004988,-2.52542372746779e34,-4.437686691489492e34,2.1152111864406792e32,344.7708474576271,93,498,1300.7935593220338,1214,1377,1889.8328813559322,1322,10210,39.952881355932206,-1426,1438,168,642,15,15,56,NULL,0
6,117,"2023-12-12 04:55:13.558","2023-12-12 05:00:08.436",294,89.67201828726657,-3.510900058920653e32,1.6849155307248076e32,1.006191525622641e32,346.78169491525426,19,587,1300.9854237288137,1233,1352,1878.6369491525425,1311,9539,31.915254237288135,-1407,1422,168,643,15,15,55,NULL,0
6,118,"2023-12-12 05:00:08.542","2023-12-12 05:05:03.454",294,89.74210445344504,-1.6248633995297538e34,1.4111543976726595e32,-3.303930673812754e29,352.5939620081411,3,511,1302.6289009497964,1244,1348,1869.7727272727273,1291,9427,31.22862957937585,-1406,1399,168,642,15,15,55,NULL,0
6,119,"2023-12-12 05:05:03.542","2023-12-12 05:09:58.466",294,89.77602224206699,-5.058152560142701e34,1.3534418444299881e34,-2.892505942285645e34,350.9881315700237,37,516,1303.4760935910479,1247,1354,1859.637504238725,1302,9404,22.044760935910478,-1681,1402,169,642,15,15,55,NULL,0
6,120,"2023-12-12 05:09:58.559","2023-12-12 05:14:53.646",295,89.80975720109262,-2.2102478008521342e34,-4.407182772661011e34,-4.507073956707421e32,344.2367886178862,48,539,1302.5186314363143,1242,1373,1870.9949186991869,1319,9368,36.00677506775068,-1462,1370,169,642,15,15,56,NULL,0
6,121,"2023-12-12 05:14:53.743","2023-12-12 05:20:44.241",350,89.72466957393368,-2.12553525820269e34,-6.129309598544075e34,-1.4839566043300056e31,339.8747503566334,71,502,1301.0502139800285,1241,1349,1785.6873038516405,1306,9437,10.522681883024251,-1414,1400,169,643,15,16,56,NULL,0
6,122,"2023-12-12 05:20:44.488","2023-12-12 05:25:48.638",304,88.5649083242765,-4.894618920800919e34,-1.53079818e33,-6.81997371868937e34,340.36859395532196,30,528,1300.77135348226,1231,1392,1854.0180683311432,1309,8909,4.650131406044678,-1437,1397,168,643,14,15,55,NULL,0
6,123,"2023-12-12 05:25:48.736","2023-12-12 05:30:43.742",295,89.08594385702087,3.158248829210437e33,-4.859369705123947e34,3.6936631866147066e23,345.3212470349034,32,553,1299.7411047102678,1246,1347,1854.4798373432734,1316,8961,5.358522534733988,-1404,1419,168,642,15,15,55,NULL,0
6,124,"2023-12-12 05:30:43.843","2023-12-12 05:35:58.937",315,88.92901381795213,-3.0872742050142657e34,5.902965403078557e33,3.871585975880673e28,349.99587432561094,78,526,1301.6467788003808,1244,1348,2020.107267534116,1307,9126,42.532211996191684,-1413,1394,168,844,15,16,56,NULL,0
6,125,"2023-12-12 05:35:59.042","2023-12-12 05:40:54.241",295,89.25442380311152,-3.92820917101253e32,7.212633739123136e33,3.6234818827907216e33,348.52455130375887,-35,573,1300.2065695902472,1246,1344,1861.9177108025738,1311,9009,17.71385032170674,-1427,1389,169,642,14,15,56,NULL,0
6,126,"2023-12-12 05:40:54.362","2023-12-12 05:45:49.464",295,89.42301181552271,2.2569102003524133e33,4.7238222448423383e33,-3.8630954184933105e29,347.704845814978,90,503,1300.945103354795,1245,1349,1870.169434090139,1314,8911,47.10708234496781,-1398,1529,168,643,15,15,56,NULL,0
6,127,"2023-12-12 05:45:49.713","2023-12-12 05:50:44.344",294,89.53476158807284,-2.8891154688098887e34,-2.2584014767619196e33,-3.967446587868498e32,354.65412004069174,85,556,1301.8111224143777,1225,1351,1873.337402509325,1312,9893,23.480840963038318,-1418,1390,168,643,15,15,55,NULL,0
6,128,"2023-12-12 05:50:44.441","2023-12-12 05:55:39.669",295,89.62152571840377,7.026848621540746e31,-1.6918466999598357e35,7.076365729714838e31,355.3264476803251,52,483,1303.4859464950898,1233,1369,1872.3697934304098,1306,10030,11.637656620386048,-1397,1411,168,643,15,15,56,NULL,0
6,129,"2023-12-12 05:55:39.745","2023-12-12 06:00:34.678",294,89.68550921372066,1.1379018295415032e32,-7.42338982781695e34,-5.64169463423116e25,358.484406779661,100,537,1303.491186440678,1255,1351,1845.0084745762713,1315,8742,43.93491525423729,-1431,1377,169,642,15,15,56,NULL,0
6,130,"2023-12-12 06:00:34.748","2023-12-12 06:05:29.907",295,89.73191268472412,-5.159550782483741e34,1.690379353319783e32,1.9165960738482425e33,354.1588753387534,90,518,1304.0040650406504,1240,1355,1850.0785907859079,1309,8909,46.671747967479675,-1566,1400,169,645,15,15,55,NULL,0
6,131,"2023-12-12 06:05:29.946","2023-12-12 06:10:24.944",294,89.76897786883951,-3.045069467976956e34,-5.049136574049411e34,5.097898116666993e33,351.5530328702135,62,490,1302.5818366655371,1235,1351,1848.173161640122,1320,9108,32.97221280921721,-1443,1395,168,643,15,15,56,NULL,0
6,132,"2023-12-12 06:10:25.036","2023-12-12 06:15:20.064",295,89.80143498329234,-3.925110130352484e34,-1.7631670258637764e31,2.8031175872060346e33,353.63741104710266,64,499,1302.2656726533378,1236,1349,1859.051169095222,1323,9190,29.206709589969503,-1411,1464,169,643,15,15,56,NULL,0
6,133,"2023-12-12 06:15:20.139","2023-12-12 06:20:14.938",294,89.81743956021906,2.6579247149864967e31,-3.9539165785271656e34,5.028817293998045e33,353.2682265174636,-53,567,1302.636486944727,1243,1346,1854.7192268565616,1313,8817,28.118345201763308,-1416,1443,169,643,15,15,56,NULL,0
6,134,"2023-12-12 06:20:15.060","2023-12-12 06:25:10.041",294,89.8263650963999,-3.625730408309895e34,-1.7950842426296668e31,-1.9351066868259914e34,353.95899695018636,-33,531,1303.732971873941,1250,1350,1849.4605218569977,1316,8821,14.29278210776008,-1420,1597,168,642,15,15,56,NULL,0
6,135,"2023-12-12 06:25:10.164","2023-12-12 06:30:05.141",294,89.83387344557853,7.682567571241243e33,-1.010175003798644e35,1.9894918949024315e30,347.38881355932205,-54,524,1303.071186440678,1224,1361,1847.564745762712,1319,8825,19.41898305084746,-1392,1425,168,643,15,15,55,NULL,0
6,136,"2023-12-12 06:30:05.249","2023-12-12 06:35:00.660",295,89.85013072669607,8.468276744579946e31,9.010831504010483e33,-2.2445771876016167e34,345.8529810298103,0,531,1302.115514905149,1238,1365,1854.460027100271,1308,8950,22.414972899728998,-1445,1420,168,643,15,16,56,NULL,0
6,137,"2023-12-12 06:35:00.662","2023-12-12 06:40:17.962",317,89.67798151761424,7.137346346971035e33,6.345916246848963e21,7.873781486155667e31,343.52644836272043,40,495,1301.8268261964736,1221,1348,1884.3129722921915,1301,9263,53.60421914357683,-1444,1404,168,710,14,16,149,NULL,0
6,138,"2023-12-12 06:40:18.053","2023-12-12 06:45:30.367",312,89.70624858119731,6.679526708343045e31,6.933710765206699e33,3.6897436071796014e31,342.57371794871796,53,497,1301.4208333333333,1241,1354,1835.861858974359,1321,8970,24.801602564102563,-1410,1397,168,642,15,16,55,NULL,0
6,139,"2023-12-12 06:45:30.369","2023-12-12 06:50:35.360",304,89.2308954458716,3.504749433291993e33,1.4997695284068088e27,-2.7946960522802496e34,341.91647559777266,17,491,1300.8300032754667,1210,1347,1828.029479200786,1296,8761,22.66000655093351,-1424,1380,169,642,15,15,55,NULL,0
6,140,"2023-12-12 06:50:35.445","2023-12-12 06:55:30.245",294,89.46796665545486,2.674165181417433e33,1.6383500881933926e34,6.025451715835877e18,343.0840963038318,86,486,1301.3723296032554,1239,1348,1853.3272295693455,1311,8889,28.615801966768394,-1404,1404,169,642,15,15,55,NULL,0
6,141,"2023-12-12 06:55:30.346","2023-12-12 07:00:25.247",294,89.58784000923255,5.257628799979105e31,2.645676159283102e30,-4.327329830508544e34,340.96474576271186,-126,475,1300.0589830508475,1233,1369,1865.9169491525424,1306,9413,14.004406779661016,-1403,1390,169,643,15,15,56,NULL,0
6,142,"2023-12-12 07:00:25.352","2023-12-12 07:05:20.450",295,89.67067530557097,4.926515507780829e31,-7.217561571848445e34,-8.3604361212723e30,340.69850948509486,37,497,1300.5182926829268,1240,1385,1851.5325203252032,1313,9055,21.644647696476966,-1413,1396,168,642,15,15,55,NULL,0
6,143,"2023-12-12 07:05:20.547","2023-12-12 07:10:15.248",294,89.72459151469664,-6.125485244233616e30,-3.0495250748189266e33,-2.459417571535617e27,342.56105834464046,-14,499,1300.4918588873813,1242,1347,1847.302578018996,1303,8814,48.07937584803256,-1432,1403,169,643,14,15,55,NULL,0
6,144,"2023-12-12 07:10:15.346","2023-12-12 07:15:28.638",313,89.3800873551298,-5.833758784879899e34,-1.1554716012565415e35,3.305360571263816e28,342.77568602425015,-22,506,1301.3947032546266,1247,1342,1981.5188257817485,1313,8853,46.086790044671346,-1414,1410,169,828,14,15,55,NULL,0
6,145,"2023-12-12 07:15:28.867","2023-12-12 07:20:23.902",295,89.54680088238442,-3.0835582475441497e34,1.9729007117380544e32,-4.338922829553487e34,339.7380548966452,-90,491,1302.847509318875,1245,1347,1842.2738054896645,1320,8840,23.05557438156557,-1418,1471,169,643,15,15,55,NULL,0
6,146,"2023-12-12 07:20:23.903","2023-12-12 07:25:18.891",294,89.64255869148337,-7.050847457627118e30,4.322033894955935e28,-7.986096821491501e32,338.42033898305084,-59,511,1301.4501694915255,1235,1357,1852.2986440677967,1307,8961,19.32033898305085,-1446,1423,169,643,15,16,56,NULL,0
6,147,"2023-12-12 07:25:18.892","2023-12-12 07:30:13.644",294,89.70225921191778,5.421595387220925e33,8.768056968463886e31,-6.1790357861317264e32,334.9128518141743,-10,524,1300.113936927772,1243,1348,1826.461512377077,1305,9308,48.71414038657172,-1452,1453,168,642,15,16,55,NULL,0
6,148,"2023-12-12 07:30:13.868","2023-12-12 07:35:08.536",294,89.7348865416578,8.415427582345788e24,7.22989610106719e33,-1.0756371218696942e26,335.8266033254157,-120,512,1299.7197149643705,1236,1348,1872.6304716661011,1305,10025,19.602646759416356,-1415,1379,169,642,15,15,55,NULL,0
6,149,"2023-12-12 07:35:08.639","2023-12-12 07:40:03.480",294,89.7671610663737,-6.916275813132706e34,-5.5295271346201385e29,-7.307546121734773e30,333.81756527636486,5,508,1299.7358426585283,1244,1343,1850.9932180400135,1317,9510,28.63750423872499,-1424,1409,169,643,15,15,55,NULL,0
6,150,"2023-12-12 07:40:03.548","2023-12-12 07:44:58.548",295,89.79353665824632,2.4993198853331127e30,-5.762711865110847e34,-1.4935730322033898e34,336.50881355932205,16,566,1300.5033898305085,1208,1351,1836.2050847457626,1321,8805,8.8264406779661,-1394,1389,169,642,15,15,55,NULL,0
6,151,"2023-12-12 07:44:58.658","2023-12-12 07:50:18.539",319,89.78546992758201,-1.1952484739100546e34,-4.0503937915151717e34,-2.0676095465649274e29,338.9184120037512,67,483,1299.493591747421,1238,1363,1800.231634885902,1317,8725,19.431384807752423,-1391,1436,168,643,15,15,55,NULL,0
6,152,"2023-12-12 07:50:18.639","2023-12-12 07:55:13.957",295,89.32690144405271,-2.220503824879783e34,6.5425621663121955e28,-1.0737080596004191e33,338.47307822553336,68,500,1299.150355570606,1240,1370,1836.116830342025,1304,8900,28.409752793769048,-1383,1413,169,642,15,16,56,NULL,0
6,153,"2023-12-12 07:55:14.037","2023-12-12 08:00:09.046",295,89.53326353397368,-7.901412063668317e32,-4.392392423720772e29,-7.895625099160017e32,342.45137241613014,53,542,1300.1846831582513,1247,1358,1842.1274144357844,1317,9013,30.564215520162655,-1396,1401,169,642,15,15,56,NULL,0
6,154,"2023-12-12 08:00:09.140","2023-12-12 08:05:04.337",295,89.6401859370887,-4.505420054117032e32,-5.896436314363126e34,-5.8861784231016966e32,347.4969512195122,77,585,1302.4037940379403,1253,1360,1850.1260162601627,1313,9509,29.273373983739837,-1399,1435,169,642,15,15,56,NULL,0
6,155,"2023-12-12 08:05:04.346","2023-12-12 08:09:59.344",294,89.70372776038141,-4.010028812890546e34,8.992363415789516e33,6.889867839101305e33,342.1558793629278,35,582,1302.5967468654694,1214,1347,1860.6899356150457,1316,9420,29.49847509318875,-1431,1492,169,642,15,15,56,NULL,0
6,156,"2023-12-12 08:09:59.453","2023-12-12 08:14:54.638",295,89.75257325494267,3.156160514855435e33,1.2902133423480954e27,5.543509855026938e33,342.6820182864883,-59,610,1302.5899085675585,1232,1386,1847.1056552658313,1304,8918,26.162546562817475,-1521,1462,169,642,15,15,55,NULL,0
6,157,"2023-12-12 08:14:54.751","2023-12-12 08:19:49.762",295,89.7908668550987,-7.897278901125567e32,-1.2396817631054644e33,-4.144357844716036e32,336.1995933581837,38,484,1301.0013554727211,1254,1352,1825.6557099288377,1308,8780,33.236191121653675,-1412,1404,169,642,15,15,55,NULL,0
6,158,"2023-12-12 08:19:49.839","2023-12-12 08:24:44.944",295,89.82242808059857,9.005083023228902e33,1.3739242973284649e29,-2.8878847726330986e34,335.97560149102,42,491,1300.3327685530328,1246,1359,1847.7638088783463,1313,8702,26.091155540494746,-1424,1413,168,641,15,15,56,NULL,0
6,159,"2023-12-12 08:24:45.041","2023-12-12 08:29:40.352",295,89.83797176001252,9.269339586861268e29,-8.828282585940306e27,3.088222830805293e30,333.925499492042,28,479,1299.8154419234677,1237,1347,1846.8442262106332,1317,8967,0.5722993565865222,-1436,1398,169,642,15,15,55,NULL,0
6,160,"2023-12-12 08:29:40.565","2023-12-12 08:34:35.748",295,89.86115930627729,-2.876732768038298e34,7.212523093265797e33,9.878599173720679e31,332.3105316627159,63,549,1299.7185912631223,1209,1376,1848.800541821876,1311,8825,37.87334913647138,-1394,1369,167,642,15,15,55,NULL,0
6,161,"2023-12-12 08:34:35.856","2023-12-12 08:39:31.147",295,89.8807480688988,-2.718347915346513e34,1.0798574484565766e34,-8.028223382246388e32,334.8138117806364,-164,543,1298.8371699390657,1237,1373,1823.409952606635,1309,8974,21.59072444143534,-1605,1396,169,642,15,15,56,NULL,0
6,162,"2023-12-12 08:39:31.254","2023-12-12 08:45:30.546",359,89.73653364051711,3.7016374895481784e33,-4.5382844722735046e29,2.4092749224074586e28,339.1244085722238,20,534,1299.1733927080434,1206,1354,1758.3339827442248,1291,9050,24.627052602282216,-1402,1410,168,642,15,15,55,NULL,0
6,163,"2023-12-12 08:45:30.739","2023-12-12 08:50:25.848",295,88.62642775834253,8.598143265176182e31,-1.1223943506145729e33,1.7710767769725519e30,338.40907551642397,43,470,1299.2231628852014,1228,1350,1840.9698611581443,1312,8973,3.894344734168642,-1408,1390,169,643,15,15,55,NULL,0
6,164,"2023-12-12 08:50:25.956","2023-12-12 08:55:21.063",295,89.12622694682196,2.693868573747663e33,-5.758846206759809e34,2.1316327541056913e32,338.2039295392954,39,537,1299.8980352303522,1232,1354,1852.4065040650407,1311,8988,26.226287262872628,-1414,1377,168,642,15,15,56,NULL,0
6,165,"2023-12-12 08:55:21.155","2023-12-12 09:00:16.247",295,89.35623167604457,1.130296407997289e30,6.301846833329041e33,-9.088366231049664e32,344.25821755337176,48,485,1301.6912910877668,1246,1347,1842.5465943747881,1302,9084,25.527956624872925,-1418,1400,168,642,14,15,54,NULL,0
6,166,"2023-12-12 09:00:16.343","2023-12-12 09:05:11.349",295,89.49685622856833,8.820327409048275e24,-6.318401710725404e34,-3.457126777255943e27,345.07525423728816,4,502,1302.3789830508474,1230,1358,1849.8233898305084,1331,9054,52.535254237288136,-1775,1493,168,642,15,16,56,NULL,0
6,167,"2023-12-12 09:05:11.453","2023-12-12 09:10:06.540",295,89.59784556545603,-3.627157452537703e32,-5.894015088085062e34,5.419888808265686e33,348.3739837398374,86,511,1303.8316395663956,1241,1364,1858.8448509485095,1298,9256,12.510840108401084,-1426,1469,168,642,15,16,56,NULL,0
6,168,"2023-12-12 09:10:06.640","2023-12-12 09:15:01.960",295,89.68276961213466,5.500080978789652e33,-1.1272905935849652e33,6.330392586575173e33,344.08598510494244,49,483,1302.4102911306702,1201,1361,1858.8456330399458,1323,9364,23.19329722410291,-1441,1389,169,642,15,15,56,NULL,0
6,169,"2023-12-12 09:15:02.044","2023-12-12 09:19:56.942",294,89.74481012061885,2.7081406101735806e33,4.020338993039625e30,-1.712881551285288e26,345.1796610169491,73,485,1301.2661016949153,1239,1357,1841.4952542372882,1298,8836,19.600338983050847,-1389,1437,168,642,14,15,55,NULL,0
6,170,"2023-12-12 09:19:57.051","2023-12-12 09:25:29.050",331,89.7378161804535,-1.2827461264571967e34,1.1937370986889497e27,-2.5647274917225714e34,355.29900632339655,26,494,1302.646793134598,1247,1349,1795.096657633243,1302,9063,-5.799457994579946,-1471,1414,168,642,15,15,55,NULL,0
6,171,"2023-12-12 09:25:29.148","2023-12-12 09:30:24.247",295,89.05849310983355,8.643954764042972e31,9.010834322350948e33,-3.962761432926809e32,346.9180216802168,28,472,1301.9529132791329,1171,1347,1832.5416666666667,1322,9036,21.307249322493224,-1450,1402,169,642,14,15,55,NULL,0
6,172,"2023-12-12 09:30:24.340","2023-12-12 09:35:19.262",294,89.3698558628069,-7.408260766822652e32,1.6242783825033639e34,1.2840301632892505e20,344.8575788402848,83,575,1300.9718548660562,1215,1369,1848.527975584944,1311,8988,32.99118345201763,-1457,1399,168,642,14,15,54,NULL,0
6,173,"2023-12-12 09:35:19.354","2023-12-12 09:40:14.456",295,89.52303518918222,4.9644188578781505e33,-3.1620488113860648e29,4.913567129801931e31,353.98915621823113,69,528,1300.7275499830566,1223,1377,1842.5055913249746,1322,8923,19.545238902067094,-1432,1441,169,642,15,15,55,NULL,0
6,174,"2023-12-12 09:40:14.543","2023-12-12 09:45:09.757",295,89.62313251332073,-6.210386048086696e32,1.9670165932949543e32,-4.0104908912960776e32,360.6000677277345,85,515,1301.8956992888589,1247,1352,1864.712157128344,1320,9598,-20.508973924822214,-1493,1408,169,642,15,15,56,NULL,0
6,175,"2023-12-12 09:45:09.847","2023-12-12 09:50:04.867",295,89.6847492653425,3.593675739071628e33,-5.760759062047647e34,3.4470296621821864e28,359.8525923415791,-140,507,1302.5459166384276,1242,1370,1837.3385293120975,1309,8736,3.1751948492036597,-1411,1386,169,643,15,15,56,NULL,0
6,176,"2023-12-12 09:50:04.950","2023-12-12 09:55:00.157",295,89.73303130043902,3.159827812843106e33,2.3652064210345728e27,1.0782389018665133e27,357.1019993222636,41,575,1303.65842087428,1244,1351,1861.4117248390376,1324,9036,-10.968824127414436,-1406,1371,168,642,15,15,55,NULL,0
6,177,"2023-12-12 09:55:00.362","2023-12-12 09:59:55.397",295,89.7739307351238,-8.810169376600753e30,1.971544988735685e32,1.3245257452574527e30,344.704945799458,85,513,1303.6741192411923,1221,1346,1862.2371273712738,1309,9684,-24.10738482384824,-1439,1404,169,642,15,15,55,NULL,0
6,178,"2023-12-12 09:59:55.439","2023-12-12 10:04:50.467",295,89.802955497541,6.823770169491526e33,-2.3003686942372748e24,5.423728813482169e33,343.5528813559322,59,554,1302.0654237288136,1231,1366,1851.9057627118643,1311,8915,15.955254237288136,-1500,1446,168,642,14,15,56,NULL,0
6,179,"2023-12-12 10:04:50.536","2023-12-12 10:09:45.242",294,89.82007528400284,4.513064131760061e33,-8.842881011097687e27,1.046154739904988e25,338.79300984051577,-71,577,1302.1567695961996,1225,1375,1862.0061079063455,1297,9718,35.541567695961994,-1439,1399,169,642,15,15,56,NULL,0
6,180,"2023-12-12 10:09:45.354","2023-12-12 10:15:00.437",315,89.81569381180483,-3.1431746031549237e34,-1.2646112123017035e33,-1.734285669093016e34,354.04063492063494,30,557,1302.0568253968254,1240,1360,1814.4415873015873,1311,9286,1.4765079365079365,-1418,1407,167,643,15,15,55,NULL,0
6,181,"2023-12-12 10:15:00.550","2023-12-12 10:19:55.356",294,89.41537926620319,9.703595295946982e26,-5.214437957944304e34,-2.2082767975372388e29,348.73812754409767,-3,497,1301.9433514246948,1244,1347,1840.5668249660787,1312,9193,8.958276797829036,-1395,1400,168,642,14,15,55,NULL,0
6,182,"2023-12-12 10:19:55.450","2023-12-12 10:24:50.494",295,89.58487894557913,3.631822810590221e33,6.099796146042089e33,2.773309506460923e33,349.95044127630683,-55,524,1301.7321792260693,1235,1369,1824.5967413441956,1319,8828,0.19517990495587237,-1579,1477,169,643,15,15,56,NULL,0
6,183,"2023-12-12 10:24:50.505","2023-12-12 10:29:44.845",294,89.67097359658032,1.3126276652179155e30,6.89070008431633e28,6.347632247012877e33,345.9572301425662,-69,551,1301.3170400543108,1242,1353,1831.6683638832315,1316,8699,-8.15173116089613,-1456,1416,169,642,15,15,56,NULL,0
6,184,"2023-12-12 10:29:44.955","2023-12-12 10:34:40.050",295,89.73558983120148,-9.013888207354455e32,-4.394238296649448e29,-4.669603524225482e32,346.3297187394104,82,569,1299.802439850898,1221,1358,1853.8400542189088,1313,9701,-16.818705523551337,-1458,1429,169,643,15,15,56,NULL,0
6,185,"2023-12-12 10:34:40.329","2023-12-12 10:39:34.944",294,89.77656589031425,-1.0724428270036022e31,-1.74775635564941e35,-1.7575979348361045e31,349.39735324058364,19,519,1300.062775704106,1238,1358,1855.8870037326094,1321,9220,-3.8598574821852734,-1393,1417,169,642,15,15,55,NULL,0
6,186,"2023-12-12 10:39:35.044","2023-12-12 10:44:29.952",294,89.80888802974104,1.618384094303612e23,-1.763907734221506e31,3.146671414484386e33,350.04002713704205,-12,486,1300.8337856173678,1242,1351,1851.1285617367707,1318,8856,-15.907734056987788,-1497,1386,168,642,15,15,56,NULL,0
6,187,"2023-12-12 10:44:30.043","2023-12-12 10:49:35.351",305,89.82612199859406,1.74918140618498e30,-1.0903732809980208e33,-1.7485265228366074e34,354.8749181401441,87,477,1302.2531106745253,1230,1353,1810.635232481991,1297,8908,8.071709233791749,-1478,1437,169,642,15,15,56,NULL,0
6,188,"2023-12-12 10:49:35.442","2023-12-12 10:54:44.703",309,89.35112988109157,-4.1575354192095385e32,-1.0933826410213644e33,9.440096990698364e31,350.6789524733269,-259,541,1301.636922082121,1222,1372,1824.325897187197,1269,8727,35.63174911089557,-1467,1471,168,642,14,15,55,NULL,0
6,189,"2023-12-12 10:54:44.743","2023-12-12 10:59:39.957",295,89.56126527511219,9.942506307158146e31,2.1921382275707633e30,-8.803812275855411e30,351.5394514053505,122,490,1300.799187267186,1237,1380,1839.0822891974262,1283,8927,-5.147307822553335,-1434,1437,168,642,15,16,55,NULL,0
6,190,"2023-12-12 10:59:40.041","2023-12-12 11:04:35.143",295,89.68072578976145,-6.818824864877371e32,-5.7584993550785905e34,-1.5301367040978996e34,351.3871951219512,-4,566,1300.3885501355014,1215,1352,1850.4793360433605,1302,8846,-18.402439024390244,-1413,1450,168,643,15,15,56,NULL,0
6,191,"2023-12-12 11:04:35.270","2023-12-12 11:09:30.345",295,89.75244984170635,7.29013717256195e31,5.070139166943408e28,-1.0335481057308707e29,355.90138935953917,-13,552,1301.2921043713995,1232,1354,1858.408675025415,1292,9644,1.3961369027448323,-1413,1411,169,643,15,15,56,NULL,0
6,192,"2023-12-12 11:09:30.445","2023-12-12 11:14:25.743",295,89.79664952421652,-2.884224728344733e34,-3.358158429248479e24,3.6222312193111054e33,361.08970886932974,51,528,1303.6767095463779,1236,1353,1860.8358158429248,1307,9464,2.0660121868652674,-1411,1425,168,642,15,15,55,NULL,0
6,193,"2023-12-12 11:14:25.845","2023-12-12 11:19:20.929",295,89.82251296788262,-2.875558016276704e32,-1.371627670389822e33,3.7560188864133744e33,366.3452017633096,-29,589,1305.2329603255341,1247,1369,1831.2811122414378,1284,8702,-0.5886741268226517,-1416,1413,167,642,14,15,55,NULL,0
6,194,"2023-12-12 11:19:20.931","2023-12-12 11:24:30.439",309,89.53609803241223,3.64869215501453e33,6.877098831139425e33,1.2508874302232675e34,370.2402324830481,-12,570,1305.538585728124,1258,1359,1952.3722957701002,1248,8732,-2.379076525670003,-1422,1409,169,789,15,15,56,NULL,0
6,195,"2023-12-12 11:24:30.540","2023-12-12 11:29:25.538",294,89.67602612185325,-4.338983070209831e34,1.5286101407220286e27,5.545938982972003e33,366.49322033898306,54,611,1304.6630508474577,1252,1356,1831.6857627118643,1321,8858,17.08,-1502,1395,169,642,15,15,56,NULL,0
6,196,"2023-12-12 11:29:25.637","2023-12-12 11:34:20.736",295,89.75168305773533,2.757031514740766e33,8.250227764249407e28,5.774314867024534e33,365.39274822094205,-64,585,1303.315825144019,1242,1347,1851.4618773297188,1322,9302,3.3947814300237207,-1571,1425,169,642,15,15,56,NULL,0
6,197,"2023-12-12 11:34:20.860","2023-12-12 11:39:16.110",295,89.79841189849155,1.128462034417344e32,-2.4991531165338016e31,6.8834688352351455e28,368.8790650406504,97,527,1303.9231029810298,1247,1356,1840.7933604336044,1314,9527,26.10670731707317,-1410,1415,168,642,15,15,55,NULL,0
6,198,"2023-12-12 11:39:16.113","2023-12-12 11:44:11.140",295,89.83041201633365,-3.926815413278238e22,-2.8157859078591044e33,-7.893005958672087e32,365.775406504065,32,531,1303.8763550135502,1236,1357,1862.6012872628726,1318,9442,26.850271002710027,-1403,1402,168,643,15,15,55,NULL,0
6,199,"2023-12-12 11:44:11.250","2023-12-12 11:49:06.185",294,89.8460373482391,-1.887813163958746e34,-9.01930315617579e32,2.706001975788403e33,361.6873516446253,50,600,1303.6883689386232,1233,1351,1836.8884367582232,1302,8852,-16.69175991861648,-1400,1386,169,642,15,15,56,NULL,0
6,200,"2023-12-12 11:49:06.246","2023-12-12 11:54:01.552",295,89.86424582392041,5.584154464325386e34,6.298679309177108e33,-4.0530307505993934e34,367.15137148662376,39,535,1304.0863528614968,1223,1361,1817.9143244158483,1299,8762,21.081273281408738,-1442,1389,167,642,15,16,55,NULL,0
6,201,"2023-12-12 11:54:02.131","2023-12-12 11:58:56.947",294,89.8800817109404,-2.746530317381927e29,-2.712143601591606e34,-4.334572241793261e34,375.66102268879104,121,544,1305.9366745682357,1235,1352,1853.0108364375212,1315,9583,-4.477141889603793,-1442,1395,169,642,15,16,56,NULL,0
6,202,"2023-12-12 11:58:57.044","2023-12-12 12:03:52.247",295,89.8897760948161,6.707316852029133e24,-7.848915989180352e32,-6.031490360777952e27,372.4319105691057,68,539,1305.7845528455284,1245,1352,1864.829945799458,1323,9101,13.455962059620596,-1579,1440,169,642,15,16,56,NULL,0
6,203,"2023-12-12 12:03:52.434","2023-12-12 12:08:47.253",294,89.90090698437866,-4.6430465690305107e27,-2.8150261155241634e31,3.682443833871546e23,370.02983050847456,36,549,1305.2522033898306,1233,1347,1849.339661016949,1270,9414,14.273559322033899,-1423,1487,169,642,15,15,55,NULL,0
6,204,"2023-12-12 12:08:47.480","2023-12-12 12:13:42.436",294,89.90647010908069,1.5616401371637547e30,-7.045543883429251e32,-3.706255504927869e34,367.63232802439853,108,574,1305.57302609285,1251,1357,1873.4168078617417,1302,9768,11.781430023720773,-1644,1397,169,642,15,15,56,NULL,0
6,205,"2023-12-12 12:13:42.444","2023-12-12 12:18:37.548",295,89.90932094438247,2.7066402301830034e33,-2.1138191507858993e31,-1.4342172909147916e31,363.1561653116531,-13,511,1303.8228319783198,1229,1373,1850.0331978319782,1319,9871,11.380081300813009,-1382,1424,168,642,15,15,55,NULL,0
6,206,"2023-12-12 12:18:37.639","2023-12-12 12:23:32.843",295,89.91149082243723,6.163223840160279e31,-3.286692157127467e29,7.155438062222789e24,366.0409752793769,54,580,1304.9925499492042,1227,1400,1852.6122587199459,1224,9517,2.6041313918049442,-1682,1416,168,643,15,15,55,NULL,0
6,207,"2023-12-12 12:23:32.947","2023-12-12 12:28:28.248",295,89.91502420597736,5.417261696858294e33,-5.734980766438905e34,-4.333107650643196e34,368.8337846987136,104,489,1304.708192281652,1222,1362,1840.982058226134,1318,9010,-17.95734597156398,-1499,1448,169,643,15,15,56,NULL,0
6,208,"2023-12-12 12:28:28.438","2023-12-12 12:33:23.456",295,89.92035595900305,-1.1836043158873005e33,1.8446840779315695e34,5.0246765684324116e33,366.3858401084011,92,583,1303.9031165311653,1247,1355,1839.1050135501355,1312,8909,-19.208672086720867,-1412,1402,168,642,15,15,56,NULL,0
6,209,"2023-12-12 12:33:23.536","2023-12-12 12:38:18.642",295,89.92724628178425,-2.8860910848747534e34,6.305288880602354e33,3.5092935979302185e28,365.00880758807585,105,516,1302.5928184281843,1239,1361,1817.654810298103,1300,8712,-1.861449864498645,-1423,1432,169,642,15,15,55,NULL,0
6,210,"2023-12-12 12:38:18.734","2023-12-12 12:43:13.750",295,89.92543968982955,-1.0793005050786476e31,-1.6740061199388001e31,-3.5920033141308035e34,369.9617078956286,26,524,1303.0742121314809,1238,1347,1852.653676719756,1311,9397,9.769908505591324,-1433,1384,169,642,15,15,56,NULL,0
6,211,"2023-12-12 12:43:13.857","2023-12-12 12:48:08.846",294,89.92413582346563,-1.4209454038800816e34,-4.320636225008472e34,2.2393770745938093e33,373.8180277871908,82,552,1305.4113859708573,1245,1359,1858.0847170450695,1316,9198,8.54625550660793,-1417,1434,169,642,15,16,56,NULL,0
6,212,"2023-12-12 12:48:08.936","2023-12-12 12:53:03.644",294,89.91804532291377,1.1277626382761154e32,-4.4972773475955386e29,3.1457552500848304e33,372.6633864947404,-9,540,1306.1319986426874,1250,1370,1856.9375636240245,1325,9217,13.69155072955548,-1396,1412,168,643,15,15,55,NULL,0
6,213,"2023-12-12 12:53:03.741","2023-12-12 12:57:58.658",294,89.91594416573312,-9.202067901702278e30,-1.3533288402848744e33,4.8174642199767986e23,372.3285859613428,123,525,1306.679552390641,1244,1357,1837.2787385554425,1297,8674,-12.49440488301119,-1432,1397,168,643,15,15,56,NULL,0
6,214,"2023-12-12 12:57:58.754","2023-12-12 13:03:20.667",321,89.90267526672756,2.0510706865118183e33,8.343462076153977e33,-4.134775420143833e32,373.4321217769494,-29,532,1305.9835352593973,1248,1349,1785.0205032618826,1277,8862,-1.5489282385834109,-1389,1389,169,642,15,15,55,NULL,0
6,215,"2023-12-12 13:03:20.669","2023-12-12 13:08:15.538",294,89.38617762129783,-6.870116878405756e32,1.6920992519498067e32,-1.069567563027728e31,372.24482875551035,63,547,1305.967446592065,1254,1353,1821.434045439132,1314,8956,-17.873516446252967,-1393,1412,169,642,15,16,55,NULL,0
6,216,"2023-12-12 13:08:15.781","2023-12-12 13:13:10.441",294,89.60067755177555,9.845711251271859e31,-2.878687220732248e31,4.136780772020458e28,370.76771787046454,-77,627,1304.4672770430655,1241,1366,1845.1719226856562,1284,8952,-4.178026449643947,-1474,1434,168,642,15,15,56,NULL,0
6,217,"2023-12-12 13:13:10.554","2023-12-12 13:18:05.442",294,89.69336714867308,4.633940406988855e33,-4.328549152486405e34,5.609728813559324e33,368.4572881355932,74,495,1303.482372881356,1222,1349,1837.7549152542372,1315,9010,2.871186440677966,-1400,1412,168,643,15,16,56,NULL,0
6,218,"2023-12-12 13:18:05.551","2023-12-12 13:23:00.450",294,89.7431931358954,-5.798491013819417e32,-4.4218296351541935e34,-7.087148227106315e30,368.4679552390641,58,529,1304.8680908782637,1252,1363,1837.940996948118,1297,9941,19.554425228891148,-1395,1385,168,642,14,15,55,NULL,0
6,219,"2023-12-12 13:23:00.547","2023-12-12 13:27:55.354",294,89.7744703807819,-1.2343169693163785e31,-5.187551626313989e34,-1.4381934781282148e31,370.9060698541879,67,568,1306.285520515429,1239,1391,1837.5761275008476,1299,9357,20.132248219735505,-1474,1425,169,642,15,15,55,NULL,0
6,220,"2023-12-12 13:27:55.445","2023-12-12 13:32:50.140",294,89.80298968857701,-1.877618377470228e34,-5.532931792989483e29,-7.365068813629922e32,372.10519172039363,-4,513,1306.187648456057,1223,1356,1852.6481167288769,1315,9293,10.329826942653545,-1522,1409,169,642,15,15,55,NULL,0
6,221,"2023-12-12 13:32:50.239","2023-12-12 13:37:45.148",294,89.82814393579895,-9.033900406792512e30,-3.786852203389957e29,-3.655355932412736e34,372.0383050847458,49,511,1305.8959322033897,1231,1370,1823.9372881355932,1302,8685,2.142372881355932,-1441,1461,168,643,14,15,56,NULL,0
6,222,"2023-12-12 13:37:45.243","2023-12-12 13:42:39.943",294,89.85316712822822,-7.055616981602972e32,9.026595593622771e33,-8.823000319900699e30,369.91350067842603,87,576,1305.737788331072,1235,1370,1832.905698778833,1301,8599,-8.014586160108548,-1421,1503,169,642,15,16,55,NULL,0
6,223,"2023-12-12 13:42:40.052","2023-12-12 13:47:53.347",313,89.86283839160693,-1.1821946974235971e31,-4.0683170941290445e34,-1.2918898204728086e29,373.48691767709,-16,565,1305.990746649649,1252,1351,1802.1496490108489,1321,9396,5.382259093809828,-1401,1462,168,642,15,15,55,NULL,0
6,224,"2023-12-12 13:47:53.441","2023-12-12 13:53:01.961",308,89.23014694541008,-9.137812217757616e32,-5.63809561921173e34,1.099992094769641e30,381.399546338302,100,613,1307.3758911211926,1258,1363,1829.8340894361634,1284,9446,16.473752430330524,-1396,1399,169,642,15,15,55,NULL,0
6,225,"2023-12-12 13:53:02.057","2023-12-12 13:57:56.988",294,89.47646792500734,-1.5487962021024056e33,1.4114750762970979e32,-2.2075279757292316e29,377.54018311291964,111,553,1306.9538826720923,1236,1365,1839.3011190233979,1318,8695,-2.0657850118684298,-1481,1462,169,642,15,15,56,NULL,0
6,226,"2023-12-12 13:57:56.990","2023-12-12 14:02:51.968",294,89.61214318991051,-7.895383222077261e32,2.4229284265527692e30,-2.9578109090094083e24,375.7336496103016,100,544,1306.9478143002373,1248,1369,1846.025415113521,1321,8827,3.674347678752965,-1451,1472,169,642,15,15,55,NULL,0
6,227,"2023-12-12 14:02:52.041","2023-12-12 14:07:47.357",295,89.70227942069609,-3.3527602591669495e34,-5.045716218397561e34,-3.8882495764307854e29,373.0494412461903,50,557,1306.5804266847274,1241,1368,1833.9353200135456,1312,8783,-23.06772773450728,-1553,1439,169,643,15,15,55,NULL,0
6,228,"2023-12-12 14:07:47.450","2023-12-12 14:12:42.351",294,89.75420111905613,2.6943728813204943e33,-2.820209830508475e31,5.428141351864138e33,371.4142372881356,145,608,1306.2711864406779,1231,1373,1859.7962711864407,1316,9534,5.764406779661017,-1461,1455,168,642,15,15,55,NULL,0
6,229,"2023-12-12 14:12:42.455","2023-12-12 14:17:37.540",295,89.7930963937702,-7.895147420264317e32,1.5147646723046426e32,-7.302948176907186e30,369.3063368349712,13,556,1305.5398170111825,1227,1389,1854.077939681464,1309,9666,30.370382921043714,-1415,1433,168,643,15,15,55,NULL,0
6,230,"2023-12-12 14:17:37.648","2023-12-12 14:22:32.960",295,89.8229323467015,-1.8043307007447525e34,-5.889539626100326e34,2.3464568508718277e33,375.37914691943126,32,607,1305.2549085985104,1248,1380,1840.708192281652,1319,9761,2.596140825998646,-1388,1432,169,642,15,15,55,NULL,0
6,231,"2023-12-12 14:22:33.225","2023-12-12 14:27:38.941",305,89.83924252825025,-4.460698988692921e32,6.936993126797384e33,-2.22851725490203e34,380.6156862745098,118,555,1305.3065359477125,1239,1361,1834.793137254902,1311,9866,-3.7745098039215685,-1418,1394,168,643,15,15,55,NULL,0
6,232,"2023-12-12 14:27:39.191","2023-12-12 14:32:33.964",294,89.62669605344728,-1.763309722360757e31,3.085522497456756e30,-2.531434336354679e34,382.5649372668701,-14,566,1306.4198033231603,1230,1353,1840.6188538487622,1277,8836,1.529671074940658,-1421,1393,168,643,15,15,56,NULL,0
6,233,"2023-12-12 14:32:34.051","2023-12-12 14:37:29.262",295,89.74078110636367,4.372019380081301e28,8.528908787815046e26,5.483604947138871e33,381.0230352303523,104,620,1307.280487804878,1240,1356,1826.8936314363143,1318,8714,-9.91869918699187,-1485,1433,168,642,15,15,56,NULL,0
6,234,"2023-12-12 14:37:29.268","2023-12-12 14:42:24.454",295,89.78776181685839,3.157181571815718e33,1.0919106699756098e34,-1.4803523035230543e26,382.7140921409214,82,559,1307.868563685637,1257,1355,1843.3455284552845,1311,8756,-15.610433604336043,-1474,1444,169,642,15,15,55,NULL,0
6,235,"2023-12-12 14:42:24.546","2023-12-12 14:47:19.855",295,89.82390741638001,-5.7427147562626944e32,-1.1450918432633938e33,-4.332953283683144e34,375.667230873392,33,649,1306.0142180094788,1230,1364,1835.0944482058226,1301,9469,-2.5565335138794856,-1460,1411,168,642,15,15,56,NULL,0
6,236,"2023-12-12 14:47:19.939","2023-12-12 14:52:15.041",295,89.85230778681805,5.409485006598918e33,7.553605691057372e33,-1.4092140922240209e31,376.76355013550136,-35,527,1306.428861788618,1249,1359,1851.2503387533875,1313,8895,11.647018970189702,-1429,1425,169,642,15,16,56,NULL,0
6,237,"2023-12-12 14:52:15.137","2023-12-12 14:57:10.240",295,89.87539720100541,-1.2334803914893675e31,-7.217892237564215e34,-1.3790250747061231e29,377.4534056252118,60,544,1305.869535750593,1231,1362,1834.903761436801,1311,8640,5.83598780074551,-1443,1433,169,642,15,15,55,NULL,0
6,238,"2023-12-12 14:57:10.444","2023-12-12 15:02:05.565",295,89.89735656334696,-4.514381563633925e32,1.54578023321552e34,-2.891779057928107e34,380.3124364622162,102,636,1305.9057946458827,1247,1365,1840.7858353100644,1313,8794,14.229752626228397,-1452,1435,169,642,15,16,56,NULL,0
6,239,"2023-12-12 15:02:05.567","2023-12-12 15:08:27.941",382,90.03654487526522,-9.57112390162266e32,-5.014486138350512e34,6.403399531764174e34,383.3396966527197,75,517,1306.4333158995817,1224,1358,1737.546809623431,1309,9811,16.746861924686193,-1431,1431,169,642,15,15,149,NULL,0
6,240,"2023-12-12 15:08:28.043","2023-12-12 15:15:14.139",406,86.95420170436519,-1.0380672407680945e31,-2.3599782939438703e34,-3.7590022895125557e34,381.97070408665684,21,633,1306.8911866075825,1222,1373,1849.7360905957657,1304,9731,15.247168882323978,-1427,1426,431,1121,15,16,56,NULL,0
6,241,"2023-12-12 15:15:14.240","2023-12-12 15:20:09.458",295,88.01468470571214,-1.8321655976701656e33,7.212995140341653e33,-3.8725296348058462e31,383.0755164239756,42,516,1307.214696918388,1249,1358,1839.655943108703,1307,9322,-5.282086014222824,-1415,1411,169,642,15,15,55,NULL,0
6,242,"2023-12-12 15:20:09.668","2023-12-12 15:25:04.442",294,88.55568458296614,-6.126991149553169e27,5.5145211531775234e28,7.369984303153817e33,383.16514072566974,-48,608,1307.484571041031,1214,1376,1841.0861308918277,1305,8868,21.233299423533403,-1461,1424,168,642,15,16,56,NULL,0
6,243,"2023-12-12 15:25:04.546","2023-12-12 15:29:59.552",295,88.89305957546657,-1.8878644049288662e34,-8.118648101694866e32,-1.1726162706918162e34,383.0484745762712,102,535,1308.3525423728813,1242,1355,1821.564745762712,1317,8811,18.30779661016949,-1450,1479,168,642,15,15,55,NULL,0
6,244,"2023-12-12 15:29:59.640","2023-12-12 15:34:54.961",295,89.13490906430123,-1.1744154275258525e34,5.835206494537596e33,-3.6222016685206913e34,379.9370345294516,-18,563,1307.1093432633718,1245,1351,1840.1296547054842,1298,8885,-9.051117129316182,-1578,1482,169,642,15,15,56,NULL,0
6,245,"2023-12-12 15:34:55.052","2023-12-12 15:39:50.356",295,89.31485777936544,3.148287542315638e23,9.004739148612029e33,3.1352741241108264e33,377.2958700067705,-12,560,1305.3266756939743,1176,1354,1849.9854434664862,1318,9187,-17.245091401489507,-1452,1413,169,642,15,15,56,NULL,0
6,246,"2023-12-12 15:39:50.439","2023-12-12 15:44:45.542",295,89.44034555422951,-1.7615176147673814e31,-2.8182882755758717e31,-3.581430007050745e29,379.8441734417344,138,579,1305.2767615176151,1235,1348,1848.7249322493226,1302,8833,27.49627371273713,-1604,1401,169,643,15,15,55,NULL,0
6,247,"2023-12-12 15:44:45.652","2023-12-12 15:49:40.871",295,89.53922819136336,-1.678327125074771e29,-2.5347713175983545e34,9.041652556721978e33,383.6806637317982,-35,532,1306.669150016932,1254,1360,1830.515746698273,1318,8651,17.163562478835082,-1479,1447,169,642,15,15,56,NULL,0
6,248,"2023-12-12 15:49:40.957","2023-12-12 15:54:47.661",306,89.38262746899927,-1.4220995374837036e29,1.5374305732594533e34,3.986310710990877e33,386.875814863103,59,550,1308.4925032594524,1256,1352,1840.5218383311603,1325,9433,-0.6254889178617992,-1414,1395,169,757,14,15,56,NULL,0
6,249,"2023-12-12 15:54:47.859","2023-12-12 15:59:42.945",295,89.52470846129981,-4.10904165280695e34,5.530986967404385e33,-1.0836389000857905e34,380.0074500507958,-17,569,1307.316288520149,1216,1365,1856.6637317981713,1318,9666,9.359972908906197,-1394,1465,169,642,15,16,56,NULL,0
6,250,"2023-12-12 15:59:43.063","2023-12-12 16:04:38.149",295,89.61843749969758,9.230430362588961e29,7.196746865993141e33,-7.869197560149102e32,388.9115554049475,102,566,1308.1033547949849,1223,1355,1854.0033886818028,1312,9282,4.467976956963741,-1472,1440,168,642,15,15,55,NULL,0
6,251,"2023-12-12 16:04:38.244","2023-12-12 16:09:33.444",295,89.68358909625036,-1.0152112099898407e33,3.67320695954426e30,-1.804959197400034e34,384.99322722654927,129,560,1307.3332204537758,1239,1354,1828.2072468675922,1305,8708,15.822553335590925,-1492,1463,168,642,15,15,56,NULL,0
6,252,"2023-12-12 16:09:33.552","2023-12-12 16:14:28.747",295,89.73391022632819,3.1561124397901337e33,-1.128107224856079e33,9.183901869586859e33,384.7748052827633,124,526,1306.497460209956,1244,1371,1839.794784964443,1309,8746,-8.351845580765323,-1441,1396,169,642,15,15,55,NULL,0
6,253,"2023-12-12 16:14:28.943","2023-12-12 16:19:34.148",305,89.53044146114318,-1.9181127179219768e29,-2.08060021821766e26,6.181847836725543e33,388.1467889908257,80,523,1306.8640235910877,1224,1395,1760.7133027522937,1316,8719,34.448558322411536,-1388,1430,169,645,15,16,55,NoNose,1
6,254,"2023-12-12 16:19:34.150","2023-12-12 16:24:28.450",294,89.65179347188338,2.2625635863253484e33,-7.713636672325222e29,4.5527401837011885e33,394.39456706281834,11,526,1307.783701188455,1252,1354,1787.4078098471987,1305,9712,2.5769100169779287,-1450,1401,168,644,15,15,56,NoNose,1
6,255,"2023-12-12 16:24:28.544","2023-12-12 16:29:23.144",294,89.73043946714756,-2.665831318668971e34,-4.462498321585879e34,4.548528289505909e33,394.09809911744736,102,578,1308.8557365919892,1241,1377,1773.8424983027835,1312,9471,-34.63204344874406,-1502,1378,168,645,15,16,56,NoNose,1
6,256,"2023-12-12 16:29:23.249","2023-12-12 16:34:17.650",294,89.77613390727471,-4.7917356436771985e30,-4.584099891306646e31,-1.220655144663399e34,384.2554347826087,-99,598,1308.6858016304348,1234,1391,1793.600883152174,1316,9203,-6.530230978260869,-1427,1469,168,644,15,15,55,NoNose,1
6,257,"2023-12-12 16:34:17.737","2023-12-12 16:39:12.181",294,89.80557992094965,-4.505702191154499e32,2.7174826281865737e30,2.7705462061120545e28,377.3429541595925,72,599,1307.4967741935484,1237,1362,1802.0546689303906,1312,9530,3.18981324278438,-1526,1496,169,644,15,15,55,NoNose,1
6,258,"2023-12-12 16:39:12.247","2023-12-12 16:44:06.561",294,89.82741419067825,8.803746070248162e31,-2.9481642345040755e24,-4.784543952746943e34,379.9327445652174,18,517,1307.4867527173913,1231,1359,1804.9463315217392,1322,9020,-11.525475543478262,-1447,1539,169,645,15,16,55,NoNose,1
6,259,"2023-12-12 16:44:06.644","2023-12-12 16:49:01.060",294,89.83880234220678,2.699670855932278e33,-7.23505434782477e34,-3.396731587826075e32,378.84375,-25,552,1305.9752038043478,1261,1353,1806.593070652174,1315,9276,32.79721467391305,-1450,1456,168,645,15,15,56,NoNose,1
6,260,"2023-12-12 16:49:01.264","2023-12-12 16:53:55.447",294,89.84889426705972,-1.890954821666667e34,3.092106501700972e30,4.220906557934383e31,378.4638124362895,102,566,1305.5178389398573,1253,1381,1782.1134896364254,1305,8855,22.869520897043834,-1534,1440,168,645,15,16,55,NoNose,1
6,261,"2023-12-12 16:53:55.542","2023-12-12 16:58:50.149",294,89.86777629085405,-1.9270086765485958e29,5.3478113434334e30,-4.513064130900537e32,379.0654903291483,3,556,1306.136070580251,1231,1370,1790.6050220563284,1292,9315,-10.491007804546998,-1487,1413,169,644,15,15,56,NoNose,1
6,262,"2023-12-12 16:58:50.351","2023-12-12 17:03:44.751",294,89.89425204617336,-2.169075865583079e34,7.208960980943915e33,1.7719044005463555e30,385.8204344874406,-10,519,1307.7410047522064,1250,1360,1797.3234894772572,1283,9524,25.79599456890699,-1411,1457,169,644,15,15,55,NoNose,1
6,263,"2023-12-12 17:03:44.848","2023-12-12 17:08:39.037",294,89.89033842140904,2.5002888209423284e33,2.546437164620048e34,3.167885659418963e23,383.6014271151886,93,531,1307.706082229018,1208,1357,1798.7111790689773,1317,9388,0.018688413183826028,-1495,1465,168,644,14,15,56,NoNose,1
6,264,"2023-12-12 17:08:39.142","2023-12-12 17:13:33.137",293,89.87258515465037,3.7260116299726513e31,-7.242020732762059e34,-4.352261149132948e34,378.63039782386943,59,557,1307.552193131588,1221,1361,1797.4393063583816,1323,9417,11.371302278136689,-1465,1445,168,644,15,15,56,NoNose,1
6,265,"2023-12-12 17:13:33.426","2023-12-12 17:18:38.244",304,89.64810864479003,-5.207461230171869e32,2.6637524590157146e30,2.5563619672131574e30,384.0947540983607,21,601,1308.1616393442623,1260,1361,1761.5334426229508,1302,8687,0.4488524590163934,-1446,1428,257,664,15,15,56,NoNose,1
6,266,"2023-12-12 17:18:38.555","2023-12-12 17:23:32.656",294,89.74514246935335,2.716461032397274e33,-4.352261146046923e34,1.1338607087521652e32,383.3168990139408,112,540,1307.1856511390683,1248,1354,1798.8796327779667,1303,9050,25.25603536212173,-1439,1409,169,645,15,16,56,NoNose,1
6,267,"2023-12-12 17:23:32.658","2023-12-12 17:28:26.839",294,89.78866881527445,-2.2092127332510774e29,7.457228076138663e23,1.3562202583274776e25,388.2032630863358,93,556,1306.6607749830048,1226,1362,1799.332766825289,1305,9289,11.212440516655336,-1423,1434,169,644,15,15,55,NoNose,1
6,268,"2023-12-12 17:28:26.940","2023-12-12 17:33:21.149",294,89.81755644986654,-4.5004256812858176e32,-9.901461127826178e32,-4.617645905538559e34,392.8545701664968,-113,582,1307.3030920829085,1246,1363,1814.0890248046212,1324,9185,1.0774719673802242,-1510,1516,168,645,14,16,55,NoNose,1
6,269,"2023-12-12 17:33:21.242","2023-12-12 17:38:15.552",294,89.8413315382961,-5.732451181801499e32,4.419786169269775e28,1.5430659415195643e30,398.525152957172,17,567,1308.209041468389,1254,1379,1788.7192386131883,1320,9412,-36.991842284160434,-1435,1423,168,645,15,15,56,NoNose,1
6,270,"2023-12-12 17:38:15.647","2023-12-12 17:43:09.954",294,89.85669686933662,9.889377378046194e31,8.274550561491032e28,-4.062499831707765e32,396.5478940217391,-25,607,1309.5957880434783,1230,1375,1793.249320652174,1315,8758,19.208559782608695,-1425,1400,168,644,15,15,55,NoNose,1
6,271,"2023-12-12 17:43:10.037","2023-12-12 17:48:04.343",294,89.87261381031148,2.705197688742822e33,-4.347826086919984e34,4.551654572690217e33,391.2483016304348,90,570,1309.1280570652175,1247,1361,1774.516304347826,1309,8844,-2.841372282608696,-1510,1476,168,644,15,15,55,NoNose,1
6,272,"2023-12-12 17:48:04.445","2023-12-12 17:52:58.976",294,89.88993334876298,-4.648070932210656e32,-4.509786078098478e34,7.180239110634639e31,390.7432937181664,-42,536,1307.9528013582342,1243,1355,1806.4689303904925,1306,9152,-7.990492359932088,-1489,1482,168,644,15,15,55,NoNose,1
6,273,"2023-12-12 17:52:58.978","2023-12-12 17:57:53.348",294,89.8956969275949,9.88311782003396e31,1.9776094692020948e32,-6.517011882951198e34,383.65636672325974,100,548,1308.4505942275043,1228,1366,1789.7235993208828,1267,9171,7.943972835314091,-1448,1467,169,644,15,15,55,NoNose,1
6,274,"2023-12-12 17:57:53.439","2023-12-12 18:02:48.054",294,89.91108193886862,-6.775624056220874e32,-9.402668041259335e34,-2.17245583839868e34,391.29837067209775,143,565,1307.5675492192804,1235,1384,1793.8021045485405,1309,9684,8.68601493550577,-1467,1484,168,644,15,15,55,NoNose,1
6,275,"2023-12-12 18:02:48.064","2023-12-12 18:07:42.283",294,89.92001516659086,-7.917082785321101e32,-5.062861019422501e34,1.7735065918969421e30,391.50254841997963,102,564,1307.383961943595,1250,1355,1781.61331974176,1311,8959,6.507985049269453,-1514,1518,168,644,15,15,56,NoNose,1
